spending_category,mean_contribution_pp_of_Nov_spend,median_contribution_pp_of_Nov_spend,Nov_mean_customer_share_pct,Dec_mean_customer_share_pct,essential_flag,share_change_pp,share_of_mean_spend_growth_pct,contribution_ci95_low,contribution_ci95_high
Siêu thị và tạp hóa tại cửa hàng,15.8308470318,14.6381565604,15.8907280148,15.6750018204,1,-0.21572619446,14.9968801722,15.0992820523,16.5964500457
Mua sắm tại cửa hàng,10.6753608869,8.20334837029,9.19141750743,9.55349163539,0,0.362074127957,10.1129843333,9.42945077757,11.8275113236
Xăng dầu và di chuyển,10.4264676384,9.76844692075,10.6434046233,10.458879675,1,-0.184524948312,9.87720274715,9.94296268574,10.9021929006
Mua sắm trực tuyến,9.30676278367,6.93473572252,7.86877355247,8.11323535135,0,0.244461798879,8.81648379129,8.22918132739,10.4903938997
Nhà cửa và tiện ích,8.36394293192,7.50717382014,8.43079204741,8.37292817942,1,-0.0578638679936,7.92333156056,7.92656028402,8.80651371434
Trẻ em và thú cưng,7.48175236997,6.65634888831,8.05216998929,7.79431316753,0,-0.257856821753,7.08761467693,7.04599329019,7.92637687746
Du lịch,7.12597559364,0.347624565469,3.89988526721,4.4342751302,0,0.534389862989,6.75058017259,5.14831001713,9.34105971552
Giải trí,6.6952711892,6.4654987306,6.64580177978,6.62030778819,0,-0.0254939915854,6.34256521735,6.283730431,7.0465809535
Mua sắm khác tại cửa hàng,6.03936614546,4.50039288782,5.43446450507,5.57479232289,0,0.140327817812,5.72121316174,5.35389547696,6.76433007202
Sức khỏe và thể thao,5.38127878056,4.81440047672,5.13003169604,5.19748745514,1,0.067455759093,5.09779374934,5.02554027973,5.73779603016
Dịch vụ trực tuyến khác,5.3713020716,3.83425140806,5.44229477013,5.1002535457,0,-0.34204122443,5.08834261204,4.63907585066,6.14753769866
Ăn uống,5.26536630263,4.43508256597,5.68002911889,5.46613479465,1,-0.213894324241,4.98798752492,4.91296447177,5.67028652545
Chăm sóc cá nhân,4.97393495939,4.43813556603,5.09632871016,5.02377332607,0,-0.0725553840954,4.71190874504,4.63765569947,5.27923213774
Tạp hóa trực tuyến,2.62330698941,2.03976516292,2.59387841791,2.61512580805,1,0.0212473901394,2.48511153548,2.42644346198,2.83578877136
