month,mean_score,low60_pct,stress40_pct
1,71.7674008811,10.0220264317,2.3127753304
2,73.7038546256,5.83700440529,0.550660792952
3,67.2669603524,15.1982378855,0.550660792952
4,68.7194933921,11.6740088106,0.660792951542
5,66.9736784141,15.1982378855,0.660792951542
6,63.2924008811,31.3876651982,0.770925110132
7,63.7889867841,30.1762114537,0.660792951542
8,63.2994493392,31.6079295154,0.550660792952
9,67.7737885463,13.6563876652,0.440528634361
10,68.2073788546,13.986784141,0.220264317181
11,67.5470264317,15.1982378855,0.220264317181
12,54.1392070485,84.6916299559,2.75330396476
