consumer_id,analysis_month,age,gender,occupation,province_city,monthly_income_vnd,credit_limit_vnd,opening_balance_vnd,ending_balance_vnd,total_spend_vnd,essential_spend_vnd,discretionary_spend_vnd,online_spend_vnd,transaction_count,active_transaction_days,average_transaction_value_vnd,category_diversity,essential_spend_ratio,discretionary_spend_ratio,online_spend_ratio,spend_to_income_ratio,credit_utilization_ratio,transaction_recency_days,spending_volatility,engagement_score,financial_health_score,engagement_segment,financial_health_segment,next_month_low_health_flag,month,health_band,age_group,low60,stress40,high_eng80
KH00100765,2025-01-01,61,Nữ,Chuyên viên giám sát xây dựng,Huế,239430000,671400000,119715000,107682000,251463000,65764000,185699000,106722000,73,27,3444699,14,0.261525552467,0.738474447533,0.424404385536,1.0503,0.3745,0,1.80498390354,87.1,38.2,Tương tác rất cao,Có dấu hiệu căng thẳng tài chính,0,1,Stressed,55+,True,True,True
KH00101965,2025-04-01,32,Nam,Cán bộ triển lãm bảo tàng,Cao Bằng,204290000,545900000,225580000,121669000,308201000,86847000,221354000,175220000,118,29,2611873,14,0.281786885831,0.718213114169,0.568525085902,1.5086,0.5646,0,2.1024237871,96.6,35.6,Tương tác rất cao,Có dấu hiệu căng thẳng tài chính,0,4,Stressed,25–34,True,True,True
KH00102010,2025-02-01,53,Nữ,Cán bộ tổ chức từ thiện,Đồng Tháp,126950000,392500000,105677000,7965000,224662000,48524000,176138000,124926000,49,20,4584939,12,0.215986682216,0.784013317784,0.556061995353,1.7697,0.5724,0,1.65336328155,88.2,25.8,Tương tác rất cao,Có dấu hiệu căng thẳng tài chính,0,2,Stressed,45–54,True,True,True
KH00102730,2025-12-01,35,Nữ,Nhân viên cấp cứu,Cà Mau,577890000,3006700000,521275000,0,1136838000,547829000,589009000,258250000,575,31,1977110,14,0.481888360523,0.518111639477,0.227165172171,1.9672,0.3781,0,1.19053717319,81.4,24.4,Tương tác rất cao,Có dấu hiệu căng thẳng tài chính,,12,Stressed,35–44,True,True,True
KH00103570,2025-04-01,25,Nữ,Trợ lý phát thanh,Vĩnh Long,133630000,525700000,77409000,39216000,171823000,32221000,139602000,103037000,51,20,3369078,13,0.18752437101,0.81247562899,0.599669427259,1.2858,0.3268,1,4.20070017626,90.7,34.6,Tương tác rất cao,Có dấu hiệu căng thẳng tài chính,0,4,Stressed,25–34,True,True,True
KH00103770,2025-02-01,30,Nam,Cán bộ giáo dục bảo tàng,Thành phố Hồ Chí Minh,98750000,462700000,114736000,32909000,180577000,53627000,126950000,108122000,45,20,4012822,13,0.296975805335,0.703024194665,0.598758424384,1.8286,0.3903,2,1.85364695354,90.1,35.6,Tương tác rất cao,Có dấu hiệu căng thẳng tài chính,0,2,Stressed,25–34,True,True,True
KH00103770,2025-08-01,30,Nam,Cán bộ giáo dục bảo tàng,Thành phố Hồ Chí Minh,101320000,462700000,57443000,26099000,132664000,52230000,80434000,55798000,72,27,1842556,14,0.393701380932,0.606298619068,0.420596393897,1.3094,0.2867,0,2.18505990629,86.9,36.9,Tương tác rất cao,Có dấu hiệu căng thẳng tài chính,0,8,Stressed,25–34,True,True,True
KH00104050,2025-01-01,81,Nam,Quản trị viên giáo dục,Đà Nẵng,380890000,960500000,190445000,116527000,454808000,141510000,313298000,152396000,142,30,3202873,14,0.311142284217,0.688857715783,0.335077659144,1.1941,0.4735,0,2.52067373444,85.5,32.4,Tương tác rất cao,Có dấu hiệu căng thẳng tài chính,0,1,Stressed,55+,True,True,True
KH00104085,2025-01-01,21,Nữ,Kỹ sư ô tô,Lào Cai,168890000,729500000,84445000,6051000,247284000,44814000,202470000,103293000,52,25,4755462,13,0.181224826515,0.818775173485,0.417710001456,1.4642,0.339,1,1.64580126533,83.1,30.8,Tương tác rất cao,Có dấu hiệu căng thẳng tài chính,0,1,Stressed,<25,True,True,True
KH00104130,2025-07-01,50,Nữ,Nhà thiết kế trang sức,Lào Cai,127130000,301200000,387989000,181837000,333282000,119624000,213658000,180874000,86,26,3875372,13,0.3589272748,0.6410727252,0.542705576659,2.6216,1.1065,2,1.81138094521,90.4,34.5,Tương tác rất cao,Có dấu hiệu căng thẳng tài chính,0,7,Stressed,45–54,True,True,True
KH00105650,2025-12-01,69,Nam,Nhân viên giao dịch,Phú Thọ,200740000,925100000,200305000,49543000,351502000,160443000,191059000,108838000,227,31,1548467,14,0.45644974993,0.54355025007,0.30963692952,1.751,0.38,0,2.04505649016,85.5,35,Tương tác rất cao,Có dấu hiệu căng thẳng tài chính,,12,Stressed,55+,True,True,True
KH00105845,2025-01-01,65,Nữ,Nhà văn khoa học,Hà Nội,112160000,551400000,56080000,0,175663000,57090000,118573000,85563000,59,25,2977339,13,0.324997295959,0.675002704041,0.48708606821,1.5662,0.3186,0,1.91705600014,87.6,20.7,Tương tác rất cao,Có dấu hiệu căng thẳng tài chính,0,1,Stressed,55+,True,True,True
KH00106010,2025-01-01,81,Nữ,Kỹ thuật viên kế toán,Đồng Nai,203120000,985000000,101560000,51336000,253344000,66783000,186561000,152300000,54,26,4691556,13,0.263606006063,0.736393993937,0.601158898573,1.2473,0.2572,0,1.68601342605,93.3,37.8,Tương tác rất cao,Có dấu hiệu căng thẳng tài chính,0,1,Stressed,55+,True,True,True
KH00106165,2025-02-01,68,Nữ,Nhà báo tạp chí,Thành phố Hồ Chí Minh,161460000,613400000,174303000,35489000,300274000,62946000,237328000,125720000,47,22,6388809,11,0.209628539267,0.790371460733,0.418684268368,1.8597,0.4895,0,1.40334919365,80.5,32.2,Tương tác rất cao,Có dấu hiệu căng thẳng tài chính,0,2,Stressed,55+,True,True,True
KH00106810,2025-02-01,43,Nam,Chuyên viên khảo sát khoáng sản,Lào Cai,112850000,336900000,39197000,14297000,137750000,36513000,101237000,96021000,40,23,3443750,10,0.265067150635,0.734932849365,0.697067150635,1.2206,0.4089,0,3.65244513117,88,30,Tương tác rất cao,Có dấu hiệu căng thẳng tài chính,0,2,Stressed,35–44,True,True,True
KH00106810,2025-05-01,43,Nam,Chuyên viên khảo sát khoáng sản,Lào Cai,117790000,336900000,94892000,0,264454000,45970000,218484000,199176000,59,23,4482271,13,0.173829853207,0.826170146793,0.753159339621,2.2451,0.785,0,1.84432587221,92.6,7.9,Tương tác rất cao,Có dấu hiệu căng thẳng tài chính,1,5,Stressed,35–44,True,True,True
KH00106850,2025-11-01,53,Nam,Chuyên viên nghiên cứu chính trị,Đồng Nai,112220000,287900000,307831000,135948000,284103000,72499000,211604000,162782000,66,27,4304591,14,0.2551856193,0.7448143807,0.572968254471,2.5317,0.9868,0,1.60987195708,94.5,34.8,Tương tác rất cao,Có dấu hiệu căng thẳng tài chính,0,11,Stressed,45–54,True,True,True
KH00107050,2025-05-01,47,Nam,Chuyên viên nghiên cứu thị trường,Khánh Hòa,110540000,474200000,216049000,59368000,267221000,45223000,221998000,182305000,77,28,3470403,14,0.169234453879,0.830765546121,0.682225573589,2.4174,0.5635,1,2.06348490294,95.7,33.3,Tương tác rất cao,Có dấu hiệu căng thẳng tài chính,0,5,Stressed,45–54,True,True,True
KH00107565,2025-06-01,56,Nam,Quản lý tổng đài,Nghệ An,128090000,456000000,127593000,0,294405000,87271000,207134000,162394000,76,27,3873750,14,0.296431786145,0.703568213855,0.55160068613,2.2984,0.6456,0,1.8526148297,93.9,12.6,Tương tác rất cao,Có dấu hiệu căng thẳng tài chính,0,6,Stressed,55+,True,True,True
KH00107610,2025-05-01,59,Nữ,Cán bộ giáo dục bảo tàng,Khánh Hòa,129870000,447700000,210967000,88066000,252771000,74505000,178266000,125458000,69,24,3663348,13,0.294752958211,0.705247041789,0.496330670844,1.9463,0.5646,0,1.77174874512,88.1,38.5,Tương tác rất cao,Có dấu hiệu căng thẳng tài chính,0,5,Stressed,55+,True,True,True
KH00107610,2025-07-01,59,Nữ,Cán bộ giáo dục bảo tàng,Khánh Hòa,121670000,447700000,110886000,51294000,181262000,67995000,113267000,67277000,73,28,2483041,13,0.375119992056,0.624880007944,0.371158874999,1.4898,0.4049,0,1.66732110066,83.3,38.7,Tương tác rất cao,Có dấu hiệu căng thẳng tài chính,0,7,Stressed,55+,True,True,True
KH00108210,2025-09-01,25,Nam,Chuyên viên trắc địa,Thành phố Hồ Chí Minh,115250000,335600000,353698000,206304000,262644000,41276000,221368000,134937000,73,26,3597863,13,0.157155693639,0.842844306361,0.513763878101,2.2789,0.7826,0,2.03396596284,90.1,37,Tương tác rất cao,Có dấu hiệu căng thẳng tài chính,0,9,Stressed,25–34,True,True,True
KH00108570,2025-01-01,54,Nam,Quản trị viên giáo dục,Hà Nội,310920000,1040500000,155460000,92381000,373999000,90543000,283456000,133746000,79,28,4734165,13,0.242094230198,0.757905769802,0.357610581846,1.2029,0.3594,0,3.27872496531,82.9,34.4,Tương tác rất cao,Có dấu hiệu căng thẳng tài chính,0,1,Stressed,45–54,True,True,True
KH00108810,2025-01-01,33,Nam,Kiểm soát viên tài chính,Cần Thơ,124830000,320100000,62415000,0,203745000,76565000,127180000,101849000,51,24,3995000,13,0.375788362905,0.624211637095,0.499884659746,1.6322,0.6365,0,1.68676858967,87.5,14.4,Tương tác rất cao,Có dấu hiệu căng thẳng tài chính,0,1,Stressed,25–34,True,True,True
KH00109405,2025-12-01,53,Nam,Nhà thiết kế sản phẩm,Đà Nẵng,107500000,455700000,114961000,0,281962000,116496000,165466000,93831000,134,29,2104194,14,0.413162057299,0.586837942701,0.332778885098,2.6229,0.6187,0,1.90976841354,84.9,14.1,Tương tác rất cao,Có dấu hiệu căng thẳng tài chính,,12,Stressed,45–54,True,True,True
KH00109605,2025-07-01,74,Nữ,Nhà tâm lý học thể thao,Nghệ An,129110000,365000000,355312000,183156000,301266000,74076000,227190000,193770000,78,26,3862385,14,0.245882376372,0.754117623628,0.643185756109,2.3334,0.8254,0,1.76095917506,95.7,38,Tương tác rất cao,Có dấu hiệu căng thẳng tài chính,0,7,Stressed,55+,True,True,True
KH00110170,2025-12-01,34,Nữ,Trợ lý chính trị gia,Đà Nẵng,269040000,1183300000,359957000,104307000,524690000,245556000,279134000,153084000,335,31,1566239,14,0.468002058358,0.531997941642,0.291760849263,1.9502,0.4434,0,2.96345351987,84.6,36.3,Tương tác rất cao,Có dấu hiệu căng thẳng tài chính,,12,Stressed,25–34,True,True,True
KH00110485,2025-03-01,66,Nữ,Người dẫn chương trình phát sóng,Lâm Đồng,105440000,278200000,122423000,0,261463000,82147000,179316000,93958000,64,26,4085359,14,0.314182121371,0.685817878629,0.359354860917,2.4797,0.9398,0,1.67705709041,83.2,6.3,Tương tác rất cao,Có dấu hiệu căng thẳng tài chính,0,3,Stressed,55+,True,True,True
KH00110485,2025-12-01,66,Nữ,Người dẫn chương trình phát sóng,Lâm Đồng,95960000,278200000,65196000,0,220314000,88846000,131468000,65030000,113,28,1949681,14,0.403269878446,0.596730121554,0.29516962154,2.2959,0.7919,1,2.2936584501,81.5,9.2,Tương tác rất cao,Có dấu hiệu căng thẳng tài chính,,12,Stressed,55+,True,True,True
KH00110970,2025-08-01,22,Nam,Nhà tâm lý học giáo dục,Thành phố Hồ Chí Minh,113040000,370100000,420576000,209273000,324343000,75038000,249305000,130703000,76,27,4267671,14,0.231353844541,0.768646155459,0.402977711867,2.8693,0.8764,0,1.7128694643,86.1,36.8,Tương tác rất cao,Có dấu hiệu căng thẳng tài chính,0,8,Stressed,<25,True,True,True
KH00111285,2025-01-01,25,Nam,Chuyên viên hoạch định quảng cáo,Thành phố Hồ Chí Minh,118110000,439900000,59055000,29364000,147801000,55586000,92215000,48793000,57,26,2593000,14,0.376086765313,0.623913234687,0.330126318496,1.2514,0.336,0,2.01359204777,81.4,35.3,Tương tác rất cao,Có dấu hiệu căng thẳng tài chính,0,1,Stressed,25–34,True,True,True
KH00111850,2025-06-01,43,Nam,Thư ký công ty,Hưng Yên,222570000,898500000,369298000,126253000,465615000,129274000,336341000,232257000,162,30,2874167,14,0.27764139901,0.72235860099,0.498817692729,2.092,0.5182,0,3.08679893141,94.3,36.2,Tương tác rất cao,Có dấu hiệu căng thẳng tài chính,0,6,Stressed,35–44,True,True,True
KH00111850,2025-09-01,43,Nam,Thư ký công ty,Hưng Yên,200510000,898500000,145486000,82077000,263919000,74487000,189432000,117276000,105,28,2513514,14,0.282234321894,0.717765678106,0.444363611563,1.3162,0.2937,0,2.20081722104,89.7,38.7,Tương tác rất cao,Có dấu hiệu căng thẳng tài chính,0,9,Stressed,35–44,True,True,True
KH00111850,2025-12-01,43,Nam,Thư ký công ty,Hưng Yên,212350000,898500000,200964000,62810000,350504000,165844000,184660000,72738000,223,31,1571767,14,0.473158651542,0.526841348458,0.20752402255,1.6506,0.3901,0,1.66754067182,80.4,37.6,Tương tác rất cao,Có dấu hiệu căng thẳng tài chính,,12,Stressed,35–44,True,True,True
KH00111965,2025-08-01,22,Nữ,Kỹ sư đóng tàu,Thành phố Hồ Chí Minh,118450000,430200000,565649000,363711000,320388000,78429000,241959000,133805000,82,27,3907171,14,0.244793812502,0.755206187498,0.41763424348,2.7048,0.7447,0,2.04161877389,87.1,38.8,Tương tác rất cao,Có dấu hiệu căng thẳng tài chính,0,8,Stressed,<25,True,True,True
KH00112130,2025-03-01,48,Nữ,Nhà sản xuất truyền hình,Cần Thơ,97740000,302000000,152478000,44919000,205299000,52305000,152994000,89816000,66,26,3110591,13,0.254774743179,0.745225256821,0.437488735941,2.1005,0.6798,0,2.05988293883,85.7,29.7,Tương tác rất cao,Có dấu hiệu căng thẳng tài chính,0,3,Stressed,45–54,True,True,True
KH00112205,2025-08-01,46,Nam,Nhân viên pha chế cà phê,Nghệ An,252880000,763300000,220967000,103340000,370507000,176664000,193843000,120301000,217,31,1707406,14,0.476816902245,0.523183097755,0.324692920782,1.4651,0.4854,0,3.25156530419,86.2,35.8,Tương tác rất cao,Có dấu hiệu căng thẳng tài chính,0,8,Stressed,45–54,True,True,True
KH00113045,2025-01-01,34,Nam,Nhân viên tư vấn hỗ trợ,Vĩnh Long,182640000,690600000,91320000,34515000,239445000,46724000,192721000,142607000,43,21,5568488,14,0.195134582054,0.804865417946,0.595573096118,1.311,0.3467,0,1.33658224773,92.3,35.4,Tương tác rất cao,Có dấu hiệu căng thẳng tài chính,0,1,Stressed,25–34,True,True,True
KH00113965,2025-10-01,25,Nữ,Điều dưỡng nhi khoa,Lâm Đồng,94460000,414400000,188918000,0,317117000,45740000,271377000,182476000,74,26,4285365,14,0.144236985088,0.855763014912,0.575421689786,3.3572,0.7652,0,1.82251143091,94.4,8.2,Tương tác rất cao,Có dấu hiệu căng thẳng tài chính,0,10,Stressed,25–34,True,True,True
KH00113965,2025-12-01,25,Nữ,Điều dưỡng nhi khoa,Lâm Đồng,87570000,414400000,55982000,0,144533000,48984000,95549000,44606000,115,29,1256809,14,0.338912220739,0.661087779261,0.308621560474,1.6505,0.3488,0,2.81467446377,83.2,19.7,Tương tác rất cao,Có dấu hiệu căng thẳng tài chính,,12,Stressed,25–34,True,True,True
KH00114925,2025-10-01,39,Nam,Tiếp viên hàng không,Đà Nẵng,94570000,303300000,320267000,179127000,235710000,34915000,200795000,189650000,60,27,3928500,14,0.148126935641,0.851873064359,0.804590386492,2.4924,0.7772,0,1.903765276,95.3,37.5,Tương tác rất cao,Có dấu hiệu căng thẳng tài chính,0,10,Stressed,35–44,True,True,True
KH00115130,2025-01-01,19,Nam,Nhà địa hóa học,Ninh Bình,102430000,440100000,51215000,0,246994000,45333000,201661000,187284000,46,20,5369435,14,0.18353887139,0.81646112861,0.758253236921,2.4113,0.5612,0,1.60973141751,92.3,14.8,Tương tác rất cao,Có dấu hiệu căng thẳng tài chính,0,1,Stressed,<25,True,True,True
KH00115445,2025-01-01,30,Nữ,Nhà trị liệu tâm lý trẻ em,Lâm Đồng,207500000,1038500000,103750000,25524000,285726000,89608000,196118000,106201000,90,30,3174733,14,0.313615141779,0.686384858221,0.371688260781,1.377,0.2751,0,1.7315569573,86,35.1,Tương tác rất cao,Có dấu hiệu căng thẳng tài chính,0,1,Stressed,25–34,True,True,True
KH00115845,2025-01-01,79,Nữ,Chuyên viên tư vấn quan hệ công chúng,Nghệ An,284600000,1466300000,142300000,95391000,331509000,76124000,255385000,197588000,90,27,3683433,13,0.229628758194,0.770371241806,0.596026050575,1.1648,0.2261,1,1.88486961405,94.2,38.9,Tương tác rất cao,Có dấu hiệu căng thẳng tài chính,0,1,Stressed,55+,True,True,True
KH00117525,2025-01-01,41,Nam,Trợ lý sản xuất truyền hình,Vĩnh Long,194480000,468600000,97240000,72510000,219210000,31341000,187869000,132451000,50,25,4384200,12,0.142972492131,0.857027507869,0.604219698006,1.1272,0.4678,1,1.49540212926,90.7,34.7,Tương tác rất cao,Có dấu hiệu căng thẳng tài chính,0,1,Stressed,35–44,True,True,True
KH00117530,2025-04-01,34,Nam,Nhà địa chấn học hiện trường,Thanh Hóa,102420000,340800000,172171000,54028000,220563000,55338000,165225000,79138000,56,23,3938625,13,0.250894302308,0.749105697692,0.358799980051,2.1535,0.6472,0,1.67516422022,80.6,33.5,Tương tác rất cao,Có dấu hiệu căng thẳng tài chính,0,4,Stressed,25–34,True,True,True
KH00117845,2025-09-01,77,Nam,Nhà thiết kế bối cảnh phim,Cà Mau,96820000,328500000,96349000,0,242552000,84483000,158069000,125753000,64,25,3789875,13,0.348308816254,0.651691183746,0.518457897688,2.5052,0.7384,0,1.76706528828,89.6,11.2,Tương tác rất cao,Có dấu hiệu căng thẳng tài chính,0,9,Stressed,55+,True,True,True
KH00117965,2025-12-01,50,Nam,Giáo viên dạy nhạc,Bắc Ninh,137010000,400400000,616877000,407825000,346062000,118662000,227400000,141479000,116,30,2983293,14,0.342892314094,0.657107685906,0.408825586167,2.5258,0.8643,0,1.87205716776,88.6,37.5,Tương tác rất cao,Có dấu hiệu căng thẳng tài chính,,12,Stressed,45–54,True,True,True
KH00117970,2025-02-01,51,Nam,Nhà địa chấn học hiện trường,Bắc Ninh,217960000,808000000,187067000,105114000,299913000,81875000,218038000,133896000,84,28,3570393,14,0.272995835459,0.727004164541,0.446449470346,1.376,0.3712,0,1.84328116083,89.9,38.9,Tương tác rất cao,Có dấu hiệu căng thẳng tài chính,0,2,Stressed,45–54,True,True,True
KH00118485,2025-05-01,56,Nữ,Sĩ quan huấn luyện quân đội,Gia Lai,88870000,334300000,133656000,30112000,192414000,68507000,123907000,63946000,77,29,2498883,14,0.356039581319,0.643960418681,0.332335484944,2.1651,0.5756,0,1.97000295025,83.3,31.1,Tương tác rất cao,Có dấu hiệu căng thẳng tài chính,0,5,Stressed,55+,True,True,True
KH00119010,2025-01-01,70,Nữ,Kỹ thuật viên y tế,Gia Lai,150580000,368600000,75290000,22337000,203533000,77503000,126030000,98629000,49,24,4153735,12,0.380788373384,0.619211626616,0.484584809343,1.3517,0.5522,0,1.69412342064,85.2,29.5,Tương tác rất cao,Có dấu hiệu căng thẳng tài chính,0,1,Stressed,55+,True,True,True
KH00119250,2025-06-01,62,Nam,Chuyên viên quan hệ công chúng,Lào Cai,88040000,412000000,166510000,34669000,219881000,47548000,172333000,141660000,66,24,3331530,14,0.216244241203,0.783755758797,0.644257575689,2.4975,0.5337,0,1.88080506154,94.9,32.3,Tương tác rất cao,Có dấu hiệu căng thẳng tài chính,0,6,Stressed,55+,True,True,True
