consumer_id,qualifying_months,first_month,last_month
KH00100765,1,1,1
KH00101965,1,4,4
KH00102010,1,2,2
KH00102730,1,12,12
KH00103570,1,4,4
KH00103770,2,2,8
KH00104050,1,1,1
KH00104085,1,1,1
KH00104130,1,7,7
KH00105650,1,12,12
KH00105845,1,1,1
KH00106010,1,1,1
KH00106165,1,2,2
KH00106810,2,2,5
KH00106850,1,11,11
KH00107050,1,5,5
KH00107565,1,6,6
KH00107610,2,5,7
KH00108210,1,9,9
KH00108570,1,1,1
KH00108810,1,1,1
KH00109405,1,12,12
KH00109605,1,7,7
KH00110170,1,12,12
KH00110485,2,3,12
KH00110970,1,8,8
KH00111285,1,1,1
KH00111850,3,6,12
KH00111965,1,8,8
KH00112130,1,3,3
KH00112205,1,8,8
KH00113045,1,1,1
KH00113965,2,10,12
KH00114925,1,10,10
KH00115130,1,1,1
KH00115445,1,1,1
KH00115845,1,1,1
KH00117525,1,1,1
KH00117530,1,4,4
KH00117845,1,9,9
KH00117965,1,12,12
KH00117970,1,2,2
KH00118485,1,5,5
KH00119010,1,1,1
KH00119250,1,6,6
