consumer_id,observed_months,low60_months,stress40_months,mean_score,share_low60_observed_months
KH00100010,12,1,0,70.6166666667,0.0833333333333
KH00100045,12,2,0,68.4833333333,0.166666666667
KH00100050,12,6,0,60.9583333333,0.5
KH00100085,12,1,0,67.5166666667,0.0833333333333
KH00100090,2,0,0,67.85,0
KH00100125,12,3,0,64.3083333333,0.25
KH00100130,12,1,0,68.625,0.0833333333333
KH00100165,2,1,1,56.85,0.5
KH00100170,12,2,0,68.3333333333,0.166666666667
KH00100205,1,1,0,55.7,1
KH00100210,12,1,0,70.7416666667,0.0833333333333
KH00100245,12,1,0,70.0166666667,0.0833333333333
KH00100250,12,3,0,66.8666666667,0.25
KH00100285,12,3,0,67.8666666667,0.25
KH00100290,12,5,0,64.4416666667,0.416666666667
KH00100325,12,0,0,72.3416666667,0
KH00100330,12,1,0,69.0166666667,0.0833333333333
KH00100365,1,1,0,57.8,1
KH00100370,12,7,0,61.7583333333,0.583333333333
KH00100405,12,2,0,70.2666666667,0.166666666667
KH00100410,12,3,0,66.45,0.25
KH00100445,12,5,0,64.3166666667,0.416666666667
KH00100450,12,4,0,63.825,0.333333333333
KH00100485,12,2,0,68.325,0.166666666667
KH00100490,12,5,0,62.7666666667,0.416666666667
KH00100525,12,3,0,67.575,0.25
KH00100530,12,1,0,70.4166666667,0.0833333333333
KH00100565,12,1,0,69.775,0.0833333333333
KH00100570,12,5,1,57.725,0.416666666667
KH00100605,12,2,0,67.8583333333,0.166666666667
KH00100610,12,1,0,64.275,0.0833333333333
KH00100645,12,3,0,68.625,0.25
KH00100650,1,0,0,72.7,0
KH00100685,1,0,0,74.4,0
KH00100690,12,1,0,70.5416666667,0.0833333333333
KH00100725,12,4,0,65.3083333333,0.333333333333
KH00100730,12,3,0,69.1583333333,0.25
KH00100765,12,5,1,59.2666666667,0.416666666667
KH00100770,12,3,0,65.375,0.25
KH00100805,12,1,0,67.9666666667,0.0833333333333
KH00100810,12,1,0,68.3833333333,0.0833333333333
KH00100845,12,0,0,70.2666666667,0
KH00100850,12,0,0,75.2416666667,0
KH00100885,12,2,0,68.2,0.166666666667
KH00100890,12,4,0,68.4416666667,0.333333333333
KH00100925,12,3,0,63.0083333333,0.25
KH00100930,12,4,0,63.7583333333,0.333333333333
KH00100965,12,2,0,67.2666666667,0.166666666667
KH00100970,12,2,0,67.7166666667,0.166666666667
KH00101005,12,3,0,64.3416666667,0.25
KH00101010,12,3,0,63.75,0.25
KH00101045,12,2,0,65.7,0.166666666667
KH00101050,12,1,0,71.4583333333,0.0833333333333
KH00101085,12,3,0,67.0916666667,0.25
KH00101090,12,4,0,64.75,0.333333333333
KH00101125,12,1,0,68.475,0.0833333333333
KH00101130,12,0,0,72.775,0
KH00101165,12,0,0,75.6833333333,0
KH00101170,12,2,0,66.1,0.166666666667
KH00101205,12,0,0,71.4916666667,0
KH00101210,12,2,0,64.35,0.166666666667
KH00101245,12,1,0,67.675,0.0833333333333
KH00101250,12,0,0,77.2166666667,0
KH00101285,12,0,0,80.825,0
KH00101290,12,0,0,72.8083333333,0
KH00101325,12,3,0,65.2833333333,0.25
KH00101330,12,0,0,74.4583333333,0
KH00101365,12,4,0,63.4083333333,0.333333333333
KH00101370,12,4,0,62.7833333333,0.333333333333
KH00101405,12,2,0,68.1833333333,0.166666666667
KH00101410,12,2,0,67.4416666667,0.166666666667
KH00101445,12,1,0,74.4166666667,0.0833333333333
KH00101450,12,2,0,70.8583333333,0.166666666667
KH00101485,12,5,0,61.9583333333,0.416666666667
KH00101490,12,1,0,71.275,0.0833333333333
KH00101525,12,3,0,67.7583333333,0.25
KH00101530,12,4,0,65.35,0.333333333333
KH00101565,12,3,0,66.675,0.25
KH00101570,12,5,0,62.9,0.416666666667
KH00101605,12,3,0,62.4333333333,0.25
KH00101610,1,0,0,60.3,0
KH00101645,12,5,0,60.85,0.416666666667
KH00101650,12,3,0,67.3833333333,0.25
KH00101685,12,1,0,70.1916666667,0.0833333333333
KH00101690,12,1,0,65.4583333333,0.0833333333333
KH00101725,12,1,0,71.025,0.0833333333333
KH00101730,12,1,0,68.6916666667,0.0833333333333
KH00101765,12,5,0,62.925,0.416666666667
KH00101770,12,4,0,62.225,0.333333333333
KH00101805,12,0,0,68.425,0
KH00101810,12,5,0,61.75,0.416666666667
KH00101845,12,4,0,62.8666666667,0.333333333333
KH00101850,12,5,0,62.7916666667,0.416666666667
KH00101885,12,1,0,69.2583333333,0.0833333333333
KH00101890,12,4,0,65.025,0.333333333333
KH00101925,12,6,0,60.0416666667,0.5
KH00101930,12,5,0,63.775,0.416666666667
KH00101965,12,7,2,53.4416666667,0.583333333333
KH00101970,12,3,0,65.0666666667,0.25
KH00102005,1,0,0,63.5,0
KH00102010,12,5,1,59.7416666667,0.416666666667
KH00102045,12,1,0,65.9333333333,0.0833333333333
KH00102050,12,2,0,70.025,0.166666666667
KH00102085,1,0,0,65.4,0
KH00102090,12,5,0,63.2666666667,0.416666666667
KH00102125,12,0,0,73.325,0
KH00102130,12,5,0,63.7416666667,0.416666666667
KH00102165,12,6,0,62.4083333333,0.5
KH00102170,12,3,0,64.8083333333,0.25
KH00102205,12,4,0,67.0166666667,0.333333333333
KH00102210,12,4,0,63.5166666667,0.333333333333
KH00102245,12,0,0,71.875,0
KH00102250,12,2,0,66.5333333333,0.166666666667
KH00102285,12,3,0,65.15,0.25
KH00102290,12,2,0,63.8833333333,0.166666666667
KH00102325,12,2,0,65.875,0.166666666667
KH00102330,12,2,0,67.425,0.166666666667
KH00102365,12,5,0,61.4416666667,0.416666666667
KH00102370,12,0,0,71.0416666667,0
KH00102405,12,4,0,63.6416666667,0.333333333333
KH00102410,12,1,0,71.0166666667,0.0833333333333
KH00102445,12,2,0,65.1833333333,0.166666666667
KH00102450,12,0,0,71.7166666667,0
KH00102485,12,1,0,69.4833333333,0.0833333333333
KH00102490,1,0,0,65.5,0
KH00102525,12,3,0,70.3666666667,0.25
KH00102530,12,2,0,67.2666666667,0.166666666667
KH00102565,12,0,0,69.4333333333,0
KH00102570,12,0,0,73.6333333333,0
KH00102605,12,1,0,70.2333333333,0.0833333333333
KH00102610,12,2,0,68.5166666667,0.166666666667
KH00102645,12,1,0,68.3333333333,0.0833333333333
KH00102650,12,2,0,61.6666666667,0.166666666667
KH00102685,12,1,0,71.7916666667,0.0833333333333
KH00102690,12,1,0,66,0.0833333333333
KH00102725,12,2,0,70.2583333333,0.166666666667
KH00102730,12,8,1,55.7416666667,0.666666666667
KH00102765,12,1,0,69.5833333333,0.0833333333333
KH00102770,12,1,0,72.1083333333,0.0833333333333
KH00102805,12,1,0,68.5333333333,0.0833333333333
KH00102810,12,3,0,64.4166666667,0.25
KH00102845,12,1,0,69.0416666667,0.0833333333333
KH00102850,12,3,0,63.825,0.25
KH00102885,12,1,0,73.9083333333,0.0833333333333
KH00102890,12,2,0,70.1416666667,0.166666666667
KH00102925,12,4,0,65.4416666667,0.333333333333
KH00102930,12,5,0,62.2583333333,0.416666666667
KH00102965,12,7,0,59.4583333333,0.583333333333
KH00102970,12,1,0,72.1666666667,0.0833333333333
KH00103005,12,6,0,63.3,0.5
KH00103010,12,0,0,76.075,0
KH00103045,12,4,0,64.175,0.333333333333
KH00103050,12,2,0,67.6666666667,0.166666666667
KH00103085,12,3,0,64.5083333333,0.25
KH00103090,12,6,0,64.6666666667,0.5
KH00103125,12,5,0,62.8333333333,0.416666666667
KH00103130,12,2,0,66.375,0.166666666667
KH00103165,12,4,0,65.3,0.333333333333
KH00103170,12,0,0,77.8333333333,0
KH00103205,12,1,0,73.5333333333,0.0833333333333
KH00103210,12,1,0,73.675,0.0833333333333
KH00103245,12,4,0,60.95,0.333333333333
KH00103250,12,4,0,62.7666666667,0.333333333333
KH00103285,12,1,0,68.8666666667,0.0833333333333
KH00103290,12,4,0,66.6666666667,0.333333333333
KH00103325,12,4,0,63.2333333333,0.333333333333
KH00103330,12,2,0,66.9916666667,0.166666666667
KH00103365,12,5,0,61.15,0.416666666667
KH00103370,12,3,0,63.5333333333,0.25
KH00103405,12,4,0,63.275,0.333333333333
KH00103410,12,5,0,62.8166666667,0.416666666667
KH00103445,12,3,0,67.1916666667,0.25
KH00103450,12,2,0,67.8416666667,0.166666666667
KH00103485,12,5,0,60.7416666667,0.416666666667
KH00103490,12,6,0,60.625,0.5
KH00103525,12,3,1,62.9333333333,0.25
KH00103530,12,6,0,60.8333333333,0.5
KH00103565,12,2,0,67.9166666667,0.166666666667
KH00103570,12,8,2,56.2583333333,0.666666666667
KH00103605,12,5,0,60.575,0.416666666667
KH00103610,12,2,0,68.1,0.166666666667
KH00103645,12,2,0,69.025,0.166666666667
KH00103650,12,3,0,66.2166666667,0.25
KH00103685,1,1,0,58.7,1
KH00103690,12,2,0,65.5416666667,0.166666666667
KH00103725,12,2,0,69.7916666667,0.166666666667
KH00103730,12,3,0,67.1166666667,0.25
KH00103765,12,3,0,66.025,0.25
KH00103770,12,5,2,58.725,0.416666666667
KH00103805,12,3,0,66.9,0.25
KH00103810,12,3,0,63.4666666667,0.25
KH00103845,12,4,0,62.6166666667,0.333333333333
KH00103850,12,1,0,69.65,0.0833333333333
KH00103885,12,3,0,67.8833333333,0.25
KH00103890,12,2,0,68.3416666667,0.166666666667
KH00103925,12,2,0,66.8833333333,0.166666666667
KH00103930,1,0,0,76.8,0
KH00103965,1,0,0,70.8,0
KH00103970,12,1,0,70.9,0.0833333333333
KH00104005,12,1,0,71.7833333333,0.0833333333333
KH00104010,12,4,0,68.95,0.333333333333
KH00104045,12,3,0,63.9416666667,0.25
KH00104050,12,7,1,59.7666666667,0.583333333333
KH00104085,12,2,1,65.4583333333,0.166666666667
KH00104090,12,2,0,64.9583333333,0.166666666667
KH00104125,12,2,0,67.1833333333,0.166666666667
KH00104130,12,5,1,63.4,0.416666666667
KH00104165,12,3,0,66.2333333333,0.25
KH00104170,12,2,0,69.4583333333,0.166666666667
KH00104205,12,4,1,62.6083333333,0.333333333333
KH00104210,12,1,0,70.1583333333,0.0833333333333
KH00104245,12,5,0,63.1,0.416666666667
KH00104250,12,2,0,66.75,0.166666666667
KH00104285,12,3,0,64.8583333333,0.25
KH00104290,12,1,0,69.3416666667,0.0833333333333
KH00104325,12,2,0,64.95,0.166666666667
KH00104330,1,0,0,75.2,0
KH00104365,12,0,0,72.25,0
KH00104370,12,2,0,70.7916666667,0.166666666667
KH00104405,12,3,0,64.7,0.25
KH00104410,12,2,0,70.7916666667,0.166666666667
KH00104445,12,3,0,68.9916666667,0.25
KH00104450,12,1,0,69.0583333333,0.0833333333333
KH00104485,12,4,0,62.325,0.333333333333
KH00104490,1,0,0,68.8,0
KH00104525,12,6,0,61.7333333333,0.5
KH00104530,12,3,0,66.3916666667,0.25
KH00104565,12,3,0,66.6916666667,0.25
KH00104570,12,2,0,66.1,0.166666666667
KH00104605,12,2,0,67.4833333333,0.166666666667
KH00104610,1,0,0,74.7,0
KH00104645,12,7,0,60.0416666667,0.583333333333
KH00104650,12,1,0,67.8333333333,0.0833333333333
KH00104685,1,0,0,69.6,0
KH00104690,12,3,0,67.3666666667,0.25
KH00104725,12,5,0,61.9333333333,0.416666666667
KH00104730,12,3,0,65.875,0.25
KH00104765,12,2,0,64.8166666667,0.166666666667
KH00104770,12,2,0,70.9666666667,0.166666666667
KH00104805,12,2,0,67.15,0.166666666667
KH00104810,12,2,0,65.9833333333,0.166666666667
KH00104845,12,1,0,69.9416666667,0.0833333333333
KH00104850,12,2,0,67.7333333333,0.166666666667
KH00104885,12,2,0,67.7666666667,0.166666666667
KH00104890,12,1,0,71.65,0.0833333333333
KH00104925,12,8,0,59.0583333333,0.666666666667
KH00104930,12,3,0,66.4583333333,0.25
KH00104965,12,5,0,62.7666666667,0.416666666667
KH00104970,12,3,0,68.6416666667,0.25
KH00105005,12,1,0,69.8,0.0833333333333
KH00105010,12,1,0,71.9666666667,0.0833333333333
KH00105045,12,2,0,65.3666666667,0.166666666667
KH00105050,12,7,1,55.125,0.583333333333
KH00105085,12,1,0,69.025,0.0833333333333
KH00105090,12,1,0,69.1583333333,0.0833333333333
KH00105125,12,0,0,73.2416666667,0
KH00105130,12,1,0,68.45,0.0833333333333
KH00105165,12,6,0,61.3333333333,0.5
KH00105170,12,0,0,76.0083333333,0
KH00105205,12,2,0,63.1916666667,0.166666666667
KH00105210,1,0,0,62.3,0
KH00105245,12,1,0,67.825,0.0833333333333
KH00105250,12,1,0,65.1083333333,0.0833333333333
KH00105285,12,1,0,70.2833333333,0.0833333333333
KH00105290,12,2,0,65.4333333333,0.166666666667
KH00105325,1,0,0,63,0
KH00105330,12,4,0,64.275,0.333333333333
KH00105365,12,7,0,57.7833333333,0.583333333333
KH00105370,12,3,0,61.975,0.25
KH00105405,12,4,0,65.2333333333,0.333333333333
KH00105410,12,2,0,68.5916666667,0.166666666667
KH00105445,12,5,0,62.0833333333,0.416666666667
KH00105450,1,0,0,75.6,0
KH00105485,12,5,0,61.775,0.416666666667
KH00105490,12,1,0,69.9,0.0833333333333
KH00105525,12,4,0,61.5083333333,0.333333333333
KH00105530,12,1,0,71.7666666667,0.0833333333333
KH00105565,1,0,0,75,0
KH00105570,12,3,0,69.1833333333,0.25
KH00105605,12,1,0,68.65,0.0833333333333
KH00105610,12,3,0,65.7083333333,0.25
KH00105645,12,3,0,66.2833333333,0.25
KH00105650,12,7,1,56.0833333333,0.583333333333
KH00105685,12,1,0,69.3583333333,0.0833333333333
KH00105690,12,4,0,61.5083333333,0.333333333333
KH00105725,12,2,0,71.525,0.166666666667
KH00105730,12,1,0,70.1083333333,0.0833333333333
KH00105765,12,3,0,62.1166666667,0.25
KH00105770,1,0,0,69.2,0
KH00105805,12,3,0,63.1833333333,0.25
KH00105810,12,4,0,64.2333333333,0.333333333333
KH00105845,12,5,1,61.4833333333,0.416666666667
KH00105850,12,4,0,63.4333333333,0.333333333333
KH00105885,12,3,0,68.5166666667,0.25
KH00105890,12,0,0,74.0666666667,0
KH00105925,12,1,0,73.2,0.0833333333333
KH00105930,12,4,0,63.05,0.333333333333
KH00105965,1,0,0,68,0
KH00105970,12,2,0,72.0083333333,0.166666666667
KH00106005,12,2,0,66.325,0.166666666667
KH00106010,12,2,1,68.4083333333,0.166666666667
KH00106045,12,2,0,67.5583333333,0.166666666667
KH00106050,12,2,0,68.5416666667,0.166666666667
KH00106085,1,0,0,65.3,0
KH00106090,12,2,0,65.5583333333,0.166666666667
KH00106125,12,9,0,57.45,0.75
KH00106130,1,1,0,56.3,1
KH00106165,12,2,1,68.5916666667,0.166666666667
KH00106170,12,3,0,65.6333333333,0.25
KH00106205,1,0,0,60.8,0
KH00106210,1,1,0,54.5,1
KH00106245,12,1,0,72.8666666667,0.0833333333333
KH00106250,12,0,0,74.5416666667,0
KH00106285,1,0,0,74.8,0
KH00106290,12,4,0,64.025,0.333333333333
KH00106325,12,2,0,68.1583333333,0.166666666667
KH00106330,1,0,0,64.5,0
KH00106365,12,2,0,65.3333333333,0.166666666667
KH00106370,1,0,0,71.4,0
KH00106405,12,1,0,73.3083333333,0.0833333333333
KH00106410,12,1,0,67.325,0.0833333333333
KH00106445,12,5,0,62.7166666667,0.416666666667
KH00106450,12,4,0,65.225,0.333333333333
KH00106485,12,4,0,64.0333333333,0.333333333333
KH00106490,1,0,0,63.4,0
KH00106525,12,3,0,65.6583333333,0.25
KH00106530,12,4,0,64.3166666667,0.333333333333
KH00106565,12,3,0,66.5583333333,0.25
KH00106570,12,1,0,72.5666666667,0.0833333333333
KH00106605,12,1,0,67.8,0.0833333333333
KH00106610,12,1,0,70.1166666667,0.0833333333333
KH00106645,12,1,0,68.0833333333,0.0833333333333
KH00106650,12,1,0,69.8583333333,0.0833333333333
KH00106685,12,1,0,72.575,0.0833333333333
KH00106690,12,4,0,66.3166666667,0.333333333333
KH00106725,12,2,0,63.8666666667,0.166666666667
KH00106730,12,3,0,69.325,0.25
KH00106765,12,4,0,63.4166666667,0.333333333333
KH00106770,12,4,0,64.4916666667,0.333333333333
KH00106805,12,1,0,66.2833333333,0.0833333333333
KH00106810,12,9,5,47.1666666667,0.75
KH00106845,12,5,0,58.9416666667,0.416666666667
KH00106850,12,7,1,58.2166666667,0.583333333333
KH00106885,12,1,0,71.9833333333,0.0833333333333
KH00106890,1,0,0,60.6,0
KH00106925,12,3,0,66.3833333333,0.25
KH00106930,12,1,0,71.4166666667,0.0833333333333
KH00106965,12,5,0,62.4666666667,0.416666666667
KH00106970,12,3,0,66.5583333333,0.25
KH00107005,12,1,0,73.8666666667,0.0833333333333
KH00107010,12,3,0,68.425,0.25
KH00107045,12,5,0,64.2666666667,0.416666666667
KH00107050,12,4,1,63.4333333333,0.333333333333
KH00107085,12,3,0,64.3,0.25
KH00107090,12,2,0,63.0083333333,0.166666666667
KH00107125,12,3,0,64.7333333333,0.25
KH00107130,12,3,0,69.0333333333,0.25
KH00107165,12,3,0,66.5833333333,0.25
KH00107170,12,5,0,62.5,0.416666666667
KH00107205,12,2,0,68.8166666667,0.166666666667
KH00107210,12,1,0,72.2666666667,0.0833333333333
KH00107245,12,3,0,68.6083333333,0.25
KH00107250,12,5,0,61.0833333333,0.416666666667
KH00107285,12,2,0,66.2416666667,0.166666666667
KH00107290,12,4,0,67.0583333333,0.333333333333
KH00107325,12,1,0,67.5083333333,0.0833333333333
KH00107330,12,3,0,65.0083333333,0.25
KH00107365,12,2,0,70.675,0.166666666667
KH00107370,1,0,0,67.1,0
KH00107405,12,3,0,67.825,0.25
KH00107410,12,2,0,65.5166666667,0.166666666667
KH00107445,12,1,0,72.5,0.0833333333333
KH00107450,12,2,0,67.5333333333,0.166666666667
KH00107485,12,3,0,67.2916666667,0.25
KH00107490,12,2,0,67.725,0.166666666667
KH00107525,12,4,0,65.8083333333,0.333333333333
KH00107530,12,1,0,74.5583333333,0.0833333333333
KH00107565,12,4,2,60.5666666667,0.333333333333
KH00107570,12,3,0,68.275,0.25
KH00107605,12,3,0,63.6916666667,0.25
KH00107610,12,6,2,58.3666666667,0.5
KH00107645,12,4,0,64.6583333333,0.333333333333
KH00107650,12,0,0,72.05,0
KH00107685,12,6,0,61.5416666667,0.5
KH00107690,12,3,0,64.7583333333,0.25
KH00107725,12,6,0,62.3416666667,0.5
KH00107730,12,1,0,67.9666666667,0.0833333333333
KH00107765,12,6,0,61.4,0.5
KH00107770,12,1,0,68.6333333333,0.0833333333333
KH00107805,12,2,0,63.2583333333,0.166666666667
KH00107810,1,0,0,69.7,0
KH00107845,12,4,0,65.375,0.333333333333
KH00107850,12,8,0,57.5,0.666666666667
KH00107885,12,0,0,72.7,0
KH00107890,1,0,0,65.1,0
KH00107925,12,4,0,61.8666666667,0.333333333333
KH00107930,12,3,0,65.6916666667,0.25
KH00107965,12,1,0,71.4,0.0833333333333
KH00107970,12,5,0,61.5333333333,0.416666666667
KH00108005,12,5,0,61.925,0.416666666667
KH00108010,12,3,0,65.4,0.25
KH00108045,12,0,0,70.6833333333,0
KH00108050,12,4,0,64.125,0.333333333333
KH00108085,12,6,0,60,0.5
KH00108090,12,3,0,66.775,0.25
KH00108125,12,2,0,65.7833333333,0.166666666667
KH00108130,12,0,0,75.1833333333,0
KH00108165,12,1,0,68.5333333333,0.0833333333333
KH00108170,12,5,0,59.325,0.416666666667
KH00108205,12,1,0,68.225,0.0833333333333
KH00108210,12,6,2,59.4083333333,0.5
KH00108245,12,4,1,63.575,0.333333333333
KH00108250,12,4,0,62.5083333333,0.333333333333
KH00108285,12,1,0,71.0833333333,0.0833333333333
KH00108290,12,4,0,65.025,0.333333333333
KH00108325,12,3,0,65.4833333333,0.25
KH00108330,12,4,0,64.1916666667,0.333333333333
KH00108365,12,2,0,66.2916666667,0.166666666667
KH00108370,12,4,1,61.1416666667,0.333333333333
KH00108405,12,2,0,65.4916666667,0.166666666667
KH00108410,12,1,0,70.6833333333,0.0833333333333
KH00108445,12,1,0,69.65,0.0833333333333
KH00108450,12,1,0,70.4083333333,0.0833333333333
KH00108485,12,1,0,71.05,0.0833333333333
KH00108490,12,6,0,60.3333333333,0.5
KH00108525,12,1,0,70.9083333333,0.0833333333333
KH00108530,12,1,0,65.4333333333,0.0833333333333
KH00108565,12,5,0,60.65,0.416666666667
KH00108570,12,2,1,67.2583333333,0.166666666667
KH00108605,12,4,0,63.65,0.333333333333
KH00108610,12,5,0,66.1833333333,0.416666666667
KH00108645,12,1,0,75.0583333333,0.0833333333333
KH00108650,12,2,0,67.65,0.166666666667
KH00108685,12,1,0,71.375,0.0833333333333
KH00108690,12,1,0,68.9,0.0833333333333
KH00108725,12,3,0,67.275,0.25
KH00108730,12,4,0,61.975,0.333333333333
KH00108765,12,1,0,65.4666666667,0.0833333333333
KH00108770,1,0,0,65,0
KH00108805,12,0,0,74.2666666667,0
KH00108810,12,6,2,58.075,0.5
KH00108845,12,3,0,62.0916666667,0.25
KH00108850,12,2,0,68.55,0.166666666667
KH00108885,12,7,0,59.2666666667,0.583333333333
KH00108890,12,3,0,66.15,0.25
KH00108925,12,5,0,64.3083333333,0.416666666667
KH00108930,12,4,0,62.4583333333,0.333333333333
KH00108965,12,2,0,64.7666666667,0.166666666667
KH00108970,12,3,0,64.3583333333,0.25
KH00109005,12,4,0,66.775,0.333333333333
KH00109010,12,2,0,70.1,0.166666666667
KH00109045,12,4,0,61.7333333333,0.333333333333
KH00109050,1,1,0,55.9,1
KH00109085,12,3,0,63.8333333333,0.25
KH00109090,12,4,0,62.475,0.333333333333
KH00109125,12,4,0,61.8416666667,0.333333333333
KH00109130,12,3,0,67.5833333333,0.25
KH00109165,12,2,0,66.875,0.166666666667
KH00109170,12,0,0,71.8666666667,0
KH00109205,12,1,0,70.8,0.0833333333333
KH00109210,12,2,0,64.5666666667,0.166666666667
KH00109245,12,4,0,65.0416666667,0.333333333333
KH00109250,12,2,0,68.3833333333,0.166666666667
KH00109285,12,1,0,67.425,0.0833333333333
KH00109290,12,2,0,66.0166666667,0.166666666667
KH00109325,12,4,0,65.9,0.333333333333
KH00109330,12,1,0,76.4,0.0833333333333
KH00109365,12,2,0,68.8083333333,0.166666666667
KH00109370,12,3,0,62.9,0.25
KH00109405,12,5,2,57.5583333333,0.416666666667
KH00109410,12,3,0,65.7333333333,0.25
KH00109445,12,1,0,69.9166666667,0.0833333333333
KH00109450,12,4,0,66.95,0.333333333333
KH00109485,1,0,0,68.3,0
KH00109490,12,2,0,68.35,0.166666666667
KH00109525,12,3,0,65.7916666667,0.25
KH00109530,12,1,0,72.2083333333,0.0833333333333
KH00109565,12,1,0,74.7166666667,0.0833333333333
KH00109570,12,2,0,69.75,0.166666666667
KH00109605,12,3,1,64.5333333333,0.25
KH00109610,12,4,0,62.7416666667,0.333333333333
KH00109645,12,2,0,69.4,0.166666666667
KH00109650,12,0,0,71.7916666667,0
KH00109685,12,4,0,62.125,0.333333333333
KH00109690,12,5,0,62.7416666667,0.416666666667
KH00109725,1,0,0,64,0
KH00109730,12,3,0,64.6916666667,0.25
KH00109765,12,4,0,64.4833333333,0.333333333333
KH00109770,12,4,0,61.7416666667,0.333333333333
KH00109805,12,3,0,64.6916666667,0.25
KH00109810,1,0,0,64.6,0
KH00109845,12,4,0,66.4416666667,0.333333333333
KH00109850,12,2,0,66.0583333333,0.166666666667
KH00109885,12,1,0,72.8833333333,0.0833333333333
KH00109890,12,7,0,59.5166666667,0.583333333333
KH00109925,12,4,0,61.9,0.333333333333
KH00109930,12,4,0,62.4083333333,0.333333333333
KH00109965,12,3,0,64.7083333333,0.25
KH00109970,12,6,1,56.525,0.5
KH00110005,12,2,0,70.1,0.166666666667
KH00110010,12,4,0,65.1916666667,0.333333333333
KH00110045,12,2,0,67.7166666667,0.166666666667
KH00110050,12,1,0,70.3583333333,0.0833333333333
KH00110085,12,3,0,65.725,0.25
KH00110090,12,4,0,63.5,0.333333333333
KH00110125,12,3,0,66.3,0.25
KH00110130,12,1,0,69.75,0.0833333333333
KH00110165,12,3,0,67.6916666667,0.25
KH00110170,12,6,1,57.3916666667,0.5
KH00110205,12,2,0,64.4083333333,0.166666666667
KH00110210,12,2,0,72.15,0.166666666667
KH00110245,1,0,0,68.9,0
KH00110250,12,1,0,68.475,0.0833333333333
KH00110285,2,1,0,60.9,0.5
KH00110290,12,0,0,72.7166666667,0
KH00110325,12,2,0,70.4,0.166666666667
KH00110330,12,7,0,61.0916666667,0.583333333333
KH00110365,12,4,0,61.2833333333,0.333333333333
KH00110370,12,1,0,71.675,0.0833333333333
KH00110405,12,4,0,64.3666666667,0.333333333333
KH00110410,12,4,0,60.5666666667,0.333333333333
KH00110445,12,2,0,67.2,0.166666666667
KH00110450,12,4,0,63.9083333333,0.333333333333
KH00110485,12,9,3,42.3166666667,0.75
KH00110490,12,3,0,69.4416666667,0.25
KH00110525,12,1,0,72.0166666667,0.0833333333333
KH00110530,12,1,0,71.6416666667,0.0833333333333
KH00110565,12,2,0,67.225,0.166666666667
KH00110570,12,4,0,63.425,0.333333333333
KH00110605,12,4,0,63.5583333333,0.333333333333
KH00110610,12,2,0,66.575,0.166666666667
KH00110645,12,0,0,73.875,0
KH00110650,1,0,0,71.4,0
KH00110685,12,2,0,74.2333333333,0.166666666667
KH00110690,12,2,0,71.6083333333,0.166666666667
KH00110725,12,1,0,68.9333333333,0.0833333333333
KH00110730,1,0,0,63.6,0
KH00110765,1,0,0,61.3,0
KH00110770,12,3,0,63.5666666667,0.25
KH00110805,12,2,0,66.0583333333,0.166666666667
KH00110810,12,5,0,63.3083333333,0.416666666667
KH00110845,12,3,0,65.0916666667,0.25
KH00110850,12,4,0,62.175,0.333333333333
KH00110885,12,1,0,68.925,0.0833333333333
KH00110890,12,3,0,69.1416666667,0.25
KH00110925,1,1,0,52.6,1
KH00110930,12,2,0,64.4083333333,0.166666666667
KH00110965,12,2,0,68.5083333333,0.166666666667
KH00110970,12,4,1,64.9583333333,0.333333333333
KH00111005,12,1,0,70.3,0.0833333333333
KH00111010,12,2,0,68.75,0.166666666667
KH00111045,12,4,0,65.2416666667,0.333333333333
KH00111050,12,3,0,64.1083333333,0.25
KH00111085,1,0,0,73.2,0
KH00111090,12,0,0,73.4916666667,0
KH00111125,12,3,0,66.95,0.25
KH00111130,12,2,0,66.6416666667,0.166666666667
KH00111165,12,2,0,65.1,0.166666666667
KH00111170,12,5,0,62.6333333333,0.416666666667
KH00111205,12,2,0,64.2583333333,0.166666666667
KH00111210,1,0,0,70,0
KH00111245,12,5,0,66.0083333333,0.416666666667
KH00111250,12,2,0,65.175,0.166666666667
KH00111285,12,4,1,64.3583333333,0.333333333333
KH00111290,12,0,0,75.6083333333,0
KH00111325,12,0,0,73.8416666667,0
KH00111330,12,4,0,63.775,0.333333333333
KH00111365,2,1,0,67.25,0.5
KH00111370,12,3,0,64.7916666667,0.25
KH00111405,12,3,0,66.1416666667,0.25
KH00111410,12,3,0,63.875,0.25
KH00111445,12,4,0,64.8916666667,0.333333333333
KH00111450,1,0,0,70.6,0
KH00111485,12,3,0,66.775,0.25
KH00111490,12,2,0,71.4833333333,0.166666666667
KH00111525,12,5,0,62.2583333333,0.416666666667
KH00111530,12,5,0,61.35,0.416666666667
KH00111565,12,4,0,63.25,0.333333333333
KH00111570,12,2,0,66.1666666667,0.166666666667
KH00111605,12,3,0,64.5333333333,0.25
KH00111610,12,4,0,62.4916666667,0.333333333333
KH00111645,12,2,0,63.5083333333,0.166666666667
KH00111650,12,3,0,68.575,0.25
KH00111685,12,3,0,64.3333333333,0.25
KH00111690,1,0,0,64.4,0
KH00111725,12,2,0,64.1083333333,0.166666666667
KH00111730,12,2,0,71.775,0.166666666667
KH00111765,12,7,0,57.975,0.583333333333
KH00111770,12,2,0,66.4333333333,0.166666666667
KH00111805,12,3,0,66.9166666667,0.25
KH00111810,12,1,0,70.025,0.0833333333333
KH00111845,12,6,0,59.1,0.5
KH00111850,12,6,3,56.7083333333,0.5
KH00111885,1,0,0,66.4,0
KH00111890,12,0,0,76.3583333333,0
KH00111925,12,0,0,69.6416666667,0
KH00111930,12,6,0,60.2083333333,0.5
KH00111965,12,4,1,66.5916666667,0.333333333333
KH00111970,12,1,0,71.5416666667,0.0833333333333
KH00112005,12,0,0,75.225,0
KH00112010,12,2,0,70.675,0.166666666667
KH00112045,1,0,0,60.3,0
KH00112050,12,4,0,61.9833333333,0.333333333333
KH00112085,12,3,0,68.925,0.25
KH00112090,12,4,0,63.3,0.333333333333
KH00112125,12,2,0,65.5583333333,0.166666666667
KH00112130,12,3,1,64.6416666667,0.25
KH00112165,12,6,0,61.7166666667,0.5
KH00112170,12,3,0,68.2166666667,0.25
KH00112205,12,8,2,50.825,0.666666666667
KH00112210,12,4,0,66.2166666667,0.333333333333
KH00112245,12,2,0,71.9583333333,0.166666666667
KH00112250,12,3,0,68.8083333333,0.25
KH00112285,12,3,0,64.7916666667,0.25
KH00112290,12,3,0,66.45,0.25
KH00112325,12,3,0,66.725,0.25
KH00112330,12,1,0,69.0416666667,0.0833333333333
KH00112365,12,2,0,70.1083333333,0.166666666667
KH00112370,1,0,0,73.8,0
KH00112405,12,1,0,70.9333333333,0.0833333333333
KH00112410,12,1,0,68.875,0.0833333333333
KH00112445,12,3,0,67.4166666667,0.25
KH00112450,12,2,0,65.8666666667,0.166666666667
KH00112485,12,6,0,60.0166666667,0.5
KH00112490,12,0,0,78.3333333333,0
KH00112525,12,2,0,65.45,0.166666666667
KH00112530,12,1,0,67.525,0.0833333333333
KH00112565,12,4,1,65.4916666667,0.333333333333
KH00112570,12,4,0,68.7666666667,0.333333333333
KH00112605,12,1,0,67.3,0.0833333333333
KH00112610,12,2,0,66.3333333333,0.166666666667
KH00112645,12,3,0,66.375,0.25
KH00112650,12,0,0,73.3916666667,0
KH00112685,12,1,0,72.6166666667,0.0833333333333
KH00112690,12,1,0,67.2833333333,0.0833333333333
KH00112725,1,1,0,48.2,1
KH00112730,1,0,0,67.6,0
KH00112765,12,2,0,67.775,0.166666666667
KH00112770,12,3,0,67.6416666667,0.25
KH00112805,12,5,0,61.2083333333,0.416666666667
KH00112810,12,1,0,72.2666666667,0.0833333333333
KH00112845,12,3,0,63.4916666667,0.25
KH00112850,12,4,0,66.0833333333,0.333333333333
KH00112885,12,1,0,67.725,0.0833333333333
KH00112890,12,2,0,65.3083333333,0.166666666667
KH00112925,12,0,0,72.375,0
KH00112930,12,2,0,68.9833333333,0.166666666667
KH00112965,1,0,0,64.2,0
KH00112970,12,2,0,70.525,0.166666666667
KH00113005,12,1,0,69.4416666667,0.0833333333333
KH00113010,12,5,0,61.8583333333,0.416666666667
KH00113045,12,2,1,64.2083333333,0.166666666667
KH00113050,1,0,0,71.6,0
KH00113085,12,3,0,65.75,0.25
KH00113090,12,1,0,68.85,0.0833333333333
KH00113125,12,4,0,63.4333333333,0.333333333333
KH00113130,12,3,0,64.6416666667,0.25
KH00113165,12,4,1,58.3166666667,0.333333333333
KH00113170,12,4,0,62.4583333333,0.333333333333
KH00113205,12,6,0,64.8083333333,0.5
KH00113210,12,1,0,71.4833333333,0.0833333333333
KH00113245,12,2,0,72.6166666667,0.166666666667
KH00113250,12,4,0,63.15,0.333333333333
KH00113285,12,0,0,73.3333333333,0
KH00113290,12,4,0,63.0833333333,0.333333333333
KH00113325,12,2,0,66.2416666667,0.166666666667
KH00113330,12,1,0,71.3166666667,0.0833333333333
KH00113365,12,4,0,61.25,0.333333333333
KH00113370,12,4,0,61.55,0.333333333333
KH00113405,12,6,0,62.7083333333,0.5
KH00113410,12,0,0,73.4583333333,0
KH00113445,12,3,0,68.725,0.25
KH00113450,12,2,0,64.9583333333,0.166666666667
KH00113485,12,4,0,63.1916666667,0.333333333333
KH00113490,12,6,0,62.7666666667,0.5
KH00113525,12,1,0,64.45,0.0833333333333
KH00113530,1,1,0,56.5,1
KH00113565,12,5,1,60.0166666667,0.416666666667
KH00113570,12,3,0,66.2916666667,0.25
KH00113605,12,1,0,72.775,0.0833333333333
KH00113610,12,1,0,69.475,0.0833333333333
KH00113645,12,2,0,71.0166666667,0.166666666667
KH00113650,12,1,0,66.1166666667,0.0833333333333
KH00113685,1,1,0,54.9,1
KH00113690,1,0,0,77.3,0
KH00113725,12,5,0,63.1,0.416666666667
KH00113730,12,2,0,68.3583333333,0.166666666667
KH00113765,12,6,0,60.3333333333,0.5
KH00113770,12,5,0,61.7916666667,0.416666666667
KH00113805,12,3,0,70.675,0.25
KH00113810,12,3,0,67.175,0.25
KH00113845,12,3,0,67.8583333333,0.25
KH00113850,12,1,0,68,0.0833333333333
KH00113885,12,1,0,70.4083333333,0.0833333333333
KH00113890,12,6,0,61.2166666667,0.5
KH00113925,1,1,0,59.1,1
KH00113930,12,2,0,67.0083333333,0.166666666667
KH00113965,12,5,3,52.7333333333,0.416666666667
KH00113970,12,2,0,68.9416666667,0.166666666667
KH00114005,12,0,0,71.925,0
KH00114010,12,4,0,62.275,0.333333333333
KH00114045,12,5,0,62.4416666667,0.416666666667
KH00114050,12,1,0,68.225,0.0833333333333
KH00114085,12,6,0,61.2916666667,0.5
KH00114090,12,4,0,62.9333333333,0.333333333333
KH00114125,12,2,0,68.4083333333,0.166666666667
KH00114130,12,4,0,64.5583333333,0.333333333333
KH00114165,12,1,0,66.7916666667,0.0833333333333
KH00114170,12,4,0,62.8583333333,0.333333333333
KH00114205,12,1,0,66.15,0.0833333333333
KH00114210,1,0,0,77,0
KH00114245,12,2,0,67.25,0.166666666667
KH00114250,12,2,0,73.65,0.166666666667
KH00114285,1,1,0,59.2,1
KH00114290,12,2,0,67.4333333333,0.166666666667
KH00114325,12,1,0,69.0083333333,0.0833333333333
KH00114330,12,3,0,66.5583333333,0.25
KH00114365,12,4,0,63.2083333333,0.333333333333
KH00114370,12,3,0,65.725,0.25
KH00114405,12,5,0,61.975,0.416666666667
KH00114410,12,2,0,63.4083333333,0.166666666667
KH00114445,12,4,0,64.1083333333,0.333333333333
KH00114450,12,3,0,65.0833333333,0.25
KH00114485,12,3,1,62.6583333333,0.25
KH00114490,12,1,0,67.9833333333,0.0833333333333
KH00114525,12,1,0,66.8166666667,0.0833333333333
KH00114530,12,4,0,63.9416666667,0.333333333333
KH00114565,12,3,0,69.2833333333,0.25
KH00114570,12,4,0,65.7416666667,0.333333333333
KH00114605,1,0,0,74.7,0
KH00114610,12,4,0,63.8083333333,0.333333333333
KH00114645,12,1,0,68.65,0.0833333333333
KH00114650,12,5,0,60.575,0.416666666667
KH00114685,12,4,1,64.075,0.333333333333
KH00114690,12,5,0,65.8333333333,0.416666666667
KH00114725,2,1,0,68.95,0.5
KH00114730,12,4,0,65.1166666667,0.333333333333
KH00114765,12,5,0,61.325,0.416666666667
KH00114770,12,1,0,69.6583333333,0.0833333333333
KH00114805,12,2,0,67.1833333333,0.166666666667
KH00114810,1,1,0,58.1,1
KH00114845,12,2,0,66.9916666667,0.166666666667
KH00114850,12,1,0,74.4666666667,0.0833333333333
KH00114885,12,2,0,64.15,0.166666666667
KH00114890,12,3,0,66.075,0.25
KH00114925,12,4,1,63.8,0.333333333333
KH00114930,12,3,0,68.925,0.25
KH00114965,12,2,0,69.5583333333,0.166666666667
KH00114970,12,4,0,63.2,0.333333333333
KH00115005,12,3,0,66.075,0.25
KH00115010,12,1,0,72.875,0.0833333333333
KH00115045,12,3,0,68.3083333333,0.25
KH00115050,12,0,0,76.0333333333,0
KH00115085,12,4,0,63.65,0.333333333333
KH00115090,12,3,0,69.1833333333,0.25
KH00115125,12,1,0,70.8,0.0833333333333
KH00115130,12,6,2,54.9666666667,0.5
KH00115165,12,1,0,70.9,0.0833333333333
KH00115170,12,0,0,73.9416666667,0
KH00115205,12,4,0,62.725,0.333333333333
KH00115210,12,2,0,67.1583333333,0.166666666667
KH00115245,12,6,0,60.425,0.5
KH00115250,12,4,0,62.0416666667,0.333333333333
KH00115285,12,2,0,70.0916666667,0.166666666667
KH00115290,12,1,0,71,0.0833333333333
KH00115325,12,2,0,68.7583333333,0.166666666667
KH00115330,12,3,0,64.975,0.25
KH00115365,12,3,0,65.1583333333,0.25
KH00115370,1,1,0,56,1
KH00115405,12,3,0,65.6333333333,0.25
KH00115410,12,4,0,64.9666666667,0.333333333333
KH00115445,12,6,1,58.0166666667,0.5
KH00115450,12,2,0,69.4416666667,0.166666666667
KH00115485,12,1,0,69.95,0.0833333333333
KH00115490,12,1,0,67.2583333333,0.0833333333333
KH00115525,12,1,0,77.2416666667,0.0833333333333
KH00115530,12,3,0,64.8666666667,0.25
KH00115565,12,1,0,73.2666666667,0.0833333333333
KH00115570,12,1,0,68.3083333333,0.0833333333333
KH00115605,1,0,0,72.9,0
KH00115610,12,4,0,64.0666666667,0.333333333333
KH00115645,1,0,0,62.4,0
KH00115650,12,8,1,52.2833333333,0.666666666667
KH00115685,12,3,0,63.1083333333,0.25
KH00115690,12,5,0,62.7,0.416666666667
KH00115725,12,2,0,64.95,0.166666666667
KH00115730,12,5,0,61.5583333333,0.416666666667
KH00115765,1,0,0,77.2,0
KH00115770,12,4,0,64.0583333333,0.333333333333
KH00115805,12,4,0,64.0166666667,0.333333333333
KH00115810,12,2,0,67.1333333333,0.166666666667
KH00115845,12,2,1,68.175,0.166666666667
KH00115850,12,2,0,65.9916666667,0.166666666667
KH00115885,12,3,0,69.5833333333,0.25
KH00115890,12,1,0,69.375,0.0833333333333
KH00115925,12,1,0,72.5083333333,0.0833333333333
KH00115930,12,1,0,68.9916666667,0.0833333333333
KH00115965,12,4,0,60.275,0.333333333333
KH00115970,12,1,0,68.1583333333,0.0833333333333
KH00116005,12,0,0,74.0666666667,0
KH00116010,12,4,0,63.8583333333,0.333333333333
KH00116045,12,5,0,58.6333333333,0.416666666667
KH00116050,12,4,1,60.35,0.333333333333
KH00116085,12,3,0,64.8333333333,0.25
KH00116090,12,4,1,57.85,0.333333333333
KH00116125,1,0,0,60.2,0
KH00116130,12,2,1,63.4083333333,0.166666666667
KH00116165,12,2,0,70.7666666667,0.166666666667
KH00116170,12,3,0,64.7,0.25
KH00116205,12,5,0,64.5,0.416666666667
KH00116210,12,1,0,67.1416666667,0.0833333333333
KH00116245,12,2,0,69.0333333333,0.166666666667
KH00116250,12,1,0,69.7166666667,0.0833333333333
KH00116285,12,0,0,70.05,0
KH00116290,12,5,0,62.6583333333,0.416666666667
KH00116325,12,6,0,60.05,0.5
KH00116330,12,4,0,63.8416666667,0.333333333333
KH00116365,12,3,0,68.65,0.25
KH00116370,1,0,0,76.5,0
KH00116405,12,2,0,67.2833333333,0.166666666667
KH00116410,12,3,0,64.55,0.25
KH00116445,1,0,0,73.5,0
KH00116450,12,5,0,62.8166666667,0.416666666667
KH00116485,1,1,0,56,1
KH00116490,12,4,0,65.15,0.333333333333
KH00116525,12,3,0,67.05,0.25
KH00116530,12,0,0,74.55,0
KH00116565,12,3,0,65.7,0.25
KH00116570,12,1,0,66.8416666667,0.0833333333333
KH00116605,1,0,0,72.3,0
KH00116610,12,4,0,62.5,0.333333333333
KH00116645,1,1,0,57.9,1
KH00116650,12,2,0,67.95,0.166666666667
KH00116685,12,4,0,66.6583333333,0.333333333333
KH00116690,12,1,0,67.2916666667,0.0833333333333
KH00116725,1,0,0,63.3,0
KH00116730,12,1,0,68.2583333333,0.0833333333333
KH00116765,12,5,0,60.675,0.416666666667
KH00116770,12,4,0,66.65,0.333333333333
KH00116805,1,1,0,59.1,1
KH00116810,12,2,0,69.45,0.166666666667
KH00116845,12,3,0,63.45,0.25
KH00116850,12,6,0,62.5916666667,0.5
KH00116885,12,4,0,63.1666666667,0.333333333333
KH00116890,12,1,0,71.3583333333,0.0833333333333
KH00116925,12,0,0,73.0666666667,0
KH00116930,12,3,0,66.7333333333,0.25
KH00116965,12,2,0,70.1833333333,0.166666666667
KH00116970,12,5,0,62.65,0.416666666667
KH00117005,12,2,0,71.8416666667,0.166666666667
KH00117010,12,1,0,70.1166666667,0.0833333333333
KH00117045,12,3,0,64.225,0.25
KH00117050,12,3,0,66.0666666667,0.25
KH00117085,12,1,0,68.0416666667,0.0833333333333
KH00117090,12,1,0,70.25,0.0833333333333
KH00117125,12,1,0,71.6333333333,0.0833333333333
KH00117130,12,3,0,66.2,0.25
KH00117165,12,8,1,54.6,0.666666666667
KH00117170,12,4,0,62.4666666667,0.333333333333
KH00117205,12,4,0,61.7,0.333333333333
KH00117210,12,4,0,65.5666666667,0.333333333333
KH00117245,12,0,0,74.7333333333,0
KH00117250,12,3,0,65.1,0.25
KH00117285,1,0,0,69.5,0
KH00117290,12,5,0,64.5416666667,0.416666666667
KH00117325,12,0,0,73.725,0
KH00117330,12,3,0,62.2333333333,0.25
KH00117365,12,2,0,67.125,0.166666666667
KH00117370,12,2,0,71.05,0.166666666667
KH00117405,12,4,0,66.3833333333,0.333333333333
KH00117410,1,0,0,66.9,0
KH00117445,1,0,0,66,0
KH00117450,12,0,0,71.5083333333,0
KH00117485,12,4,0,62.6583333333,0.333333333333
KH00117490,12,1,0,68.3083333333,0.0833333333333
KH00117525,12,4,1,60.8583333333,0.333333333333
KH00117530,12,7,1,57.825,0.583333333333
KH00117565,12,2,0,66.6416666667,0.166666666667
KH00117570,12,0,0,71.9666666667,0
KH00117605,12,1,0,69.6416666667,0.0833333333333
KH00117610,12,1,0,68.4166666667,0.0833333333333
KH00117645,12,2,0,65.3583333333,0.166666666667
KH00117650,12,3,0,64.1666666667,0.25
KH00117685,12,8,0,58.3833333333,0.666666666667
KH00117690,12,4,0,62.1916666667,0.333333333333
KH00117725,12,1,0,74.4833333333,0.0833333333333
KH00117730,12,1,0,71.5416666667,0.0833333333333
KH00117765,12,1,0,70.1833333333,0.0833333333333
KH00117770,12,3,0,67.475,0.25
KH00117805,12,4,0,63.0333333333,0.333333333333
KH00117810,12,1,0,70.1583333333,0.0833333333333
KH00117845,12,6,3,49.8,0.5
KH00117850,12,5,0,62,0.416666666667
KH00117885,12,1,0,68.2583333333,0.0833333333333
KH00117890,1,1,0,57.9,1
KH00117925,12,1,0,69.275,0.0833333333333
KH00117930,12,2,0,67.9,0.166666666667
KH00117965,12,5,1,63.675,0.416666666667
KH00117970,12,7,1,58.4083333333,0.583333333333
KH00118005,12,4,0,65.0583333333,0.333333333333
KH00118010,12,1,0,67.9083333333,0.0833333333333
KH00118045,12,4,1,61.6083333333,0.333333333333
KH00118050,12,3,0,64.6916666667,0.25
KH00118085,12,2,0,65.925,0.166666666667
KH00118090,12,3,0,67.9666666667,0.25
KH00118125,12,4,0,63.7416666667,0.333333333333
KH00118130,1,0,0,66.2,0
KH00118165,1,0,0,62.7,0
KH00118170,12,3,0,63.525,0.25
KH00118205,12,0,0,71.9416666667,0
KH00118210,12,1,0,68.7916666667,0.0833333333333
KH00118245,12,3,0,65.8,0.25
KH00118250,1,0,0,77.3,0
KH00118285,12,4,0,64.7583333333,0.333333333333
KH00118290,12,3,0,67.85,0.25
KH00118325,12,2,0,67.45,0.166666666667
KH00118330,12,2,0,67.675,0.166666666667
KH00118365,12,4,0,62.6083333333,0.333333333333
KH00118370,12,2,1,73.4333333333,0.166666666667
KH00118405,12,2,0,64.175,0.166666666667
KH00118410,12,5,0,61.8833333333,0.416666666667
KH00118445,12,3,0,64.3,0.25
KH00118450,12,1,0,66.4,0.0833333333333
KH00118485,12,6,2,54.7583333333,0.5
KH00118490,12,4,0,65.05,0.333333333333
KH00118525,12,2,0,68.8083333333,0.166666666667
KH00118530,12,5,1,57.2166666667,0.416666666667
KH00118565,12,1,0,70.175,0.0833333333333
KH00118570,12,7,0,57.3833333333,0.583333333333
KH00118605,12,0,0,73.6583333333,0
KH00118610,12,1,0,66.6416666667,0.0833333333333
KH00118645,12,2,0,65.5916666667,0.166666666667
KH00118650,12,0,0,75.3916666667,0
KH00118685,12,1,0,74.0083333333,0.0833333333333
KH00118690,12,1,0,67.15,0.0833333333333
KH00118725,12,2,0,68.8,0.166666666667
KH00118730,12,4,0,67.475,0.333333333333
KH00118765,1,0,0,64.2,0
KH00118770,12,4,0,64.5083333333,0.333333333333
KH00118805,12,3,0,65.9666666667,0.25
KH00118810,12,5,0,61.4333333333,0.416666666667
KH00118845,12,0,0,75.5583333333,0
KH00118850,12,3,0,63.5083333333,0.25
KH00118885,12,1,0,68.6833333333,0.0833333333333
KH00118890,12,3,0,64.0583333333,0.25
KH00118925,1,0,0,63.6,0
KH00118930,12,2,0,66.0333333333,0.166666666667
KH00118965,12,1,0,69.5083333333,0.0833333333333
KH00118970,12,4,0,68.2166666667,0.333333333333
KH00119005,12,1,0,72.225,0.0833333333333
KH00119010,12,5,1,59.3666666667,0.416666666667
KH00119045,12,2,0,70.1916666667,0.166666666667
KH00119050,12,3,0,64.8166666667,0.25
KH00119085,12,4,2,59.9833333333,0.333333333333
KH00119090,12,2,0,67.7666666667,0.166666666667
KH00119125,12,1,0,67.6916666667,0.0833333333333
KH00119130,12,3,0,68.2416666667,0.25
KH00119165,12,1,0,69.4583333333,0.0833333333333
KH00119170,12,4,0,60.325,0.333333333333
KH00119205,12,4,0,62.9916666667,0.333333333333
KH00119210,12,4,0,63.2916666667,0.333333333333
KH00119245,12,4,0,63.8916666667,0.333333333333
KH00119250,12,5,2,57.15,0.416666666667
KH00119285,12,1,0,71.95,0.0833333333333
KH00119290,12,3,0,66.0833333333,0.25
KH00119325,1,0,0,60.4,0
KH00119330,12,3,0,65.1583333333,0.25
KH00119365,12,6,0,60.9416666667,0.5
KH00119370,12,4,0,62.175,0.333333333333
KH00119405,12,1,0,65.9916666667,0.0833333333333
KH00119410,12,3,0,66.9333333333,0.25
KH00119445,12,3,0,67.4666666667,0.25
KH00119450,12,6,0,61.2666666667,0.5
KH00119485,12,1,0,73.6083333333,0.0833333333333
KH00119490,12,0,0,77.1666666667,0
KH00119525,12,3,1,60.1583333333,0.25
KH00119530,12,2,0,69.3416666667,0.166666666667
KH00119565,12,4,1,61.175,0.333333333333
KH00119570,12,3,0,65.2333333333,0.25
KH00119605,12,1,0,71.675,0.0833333333333
KH00119610,12,2,0,71.2166666667,0.166666666667
KH00119645,12,2,0,72.6833333333,0.166666666667
KH00119650,12,1,0,73.9666666667,0.0833333333333
KH00119685,1,0,0,64.8,0
KH00119690,12,2,0,67.3166666667,0.166666666667
KH00119725,12,2,0,68.4583333333,0.166666666667
KH00119730,12,7,0,59.5083333333,0.583333333333
KH00119765,12,3,1,64.5666666667,0.25
KH00119770,12,1,0,75.6916666667,0.0833333333333
KH00119805,12,4,0,63.0833333333,0.333333333333
KH00119810,12,1,0,73.5916666667,0.0833333333333
KH00119845,12,0,0,75.3666666667,0
KH00119850,12,5,0,62.9083333333,0.416666666667
KH00119885,12,2,0,68.4916666667,0.166666666667
KH00119890,12,4,0,63.1,0.333333333333
KH00119925,12,2,0,67.1,0.166666666667
KH00119930,1,0,0,61.7,0
KH00119965,12,1,0,70.1,0.0833333333333
KH00119970,12,5,0,60.525,0.416666666667
