province_city,customer_months,customers,pooled_mean,low60_pct,stress40_pct,equal_customer_mean,complete_panel_mean,complete_panel_customers,customer_bootstrap_ci95_low,customer_bootstrap_ci95_high,small_n
Hà Tĩnh,111,12,60.4252252252,45.9459459459,1.8018018018,59.0444444444,60.5925925926,9,56.4902430556,61.4632986111,False
Thái Nguyên,205,18,63.0151219512,32.1951219512,1.9512195122,62.9787037037,63.018627451,17,61.3778703704,64.4691898148,False
Cao Bằng,60,5,63.1383333333,30,3.33333333333,63.1383333333,63.1383333333,5,57.8083333333,68.3583333333,True
Điện Biên,99,11,64.0141414141,35.3535353535,0,61.9189393939,64.2760416667,8,58.2009848485,65.7859469697,False
Đà Nẵng,328,31,64.2,28.6585365854,2.13414634146,64.6553763441,64.1524691358,27,63.2459946237,66.1009610215,False
Gia Lai,169,15,64.4976331361,28.9940828402,1.77514792899,64.1677777778,64.5297619048,14,62.1720416667,66.2688055556,False
Quảng Trị,144,12,64.69375,30.5555555556,0,64.69375,64.69375,12,62.1890451389,67.1377951389,False
Cà Mau,241,21,64.7937759336,29.4605809129,2.07468879668,64.7373015873,64.7991666667,20,62.2406746032,66.9262698413,False
Quảng Ngãi,138,17,64.9065217391,28.9855072464,0,65.2656862745,64.8560606061,11,63.496629902,67.1964093137,False
Lâm Đồng,425,40,64.9122352941,25.6470588235,1.64705882353,65.628125,64.8378571429,35,63.456109375,67.395921875,False
Lai Châu,60,5,65.3166666667,21.6666666667,0,65.3166666667,65.3166666667,5,62.41,68.6883333333,True
Lạng Sơn,110,11,65.4836363636,27.2727272727,0,64.928030303,65.5453703704,9,62.5954545455,67.4094128788,False
Lào Cai,233,24,65.6214592275,24.0343347639,3.86266094421,66.0451388889,65.5728070175,19,63.4408420139,68.121015625,False
Thanh Hóa,388,36,65.9422680412,24.2268041237,0.773195876289,66.0143518519,65.9348958333,32,64.6169791667,67.4694560185,False
Vĩnh Long,315,29,65.9942857143,25.0793650794,1.90476190476,66.3646551724,65.9567307692,26,64.4156034483,68.3146479885,False
Ninh Bình,314,28,66.0914012739,26.4331210191,0.955414012739,66.4095238095,66.0602564103,26,64.3417261905,68.3233333333,False
Quảng Ninh,156,13,66.1346153846,23.7179487179,0,66.1346153846,66.1346153846,13,64.3871474359,67.9626602564,False
Đồng Nai,556,49,66.1534172662,23.0215827338,0.539568345324,65.9258503401,66.1938405797,46,64.9551020408,66.9207695578,False
An Giang,386,34,66.2334196891,24.3523316062,0,66.5012254902,66.2075520833,32,65.2063909314,67.9078063725,False
Khánh Hòa,218,20,66.3151376147,25.2293577982,1.37614678899,65.79125,66.3680555556,18,63.9506041667,67.725875,False
Phú Thọ,422,37,66.3601895735,22.7488151659,0.236966824645,66.438963964,66.3526190476,35,65.2285022523,67.6171227477,False
Hưng Yên,411,37,66.4119221411,23.1143552311,1.21654501217,66.6439189189,66.3889705882,34,65.0573423423,68.2338400901,False
Sơn La,206,19,66.4781553398,24.7572815534,0.485436893204,66.7214912281,66.4534313725,17,64.8392324561,68.4945833333,False
Bắc Ninh,360,30,66.4875,22.5,0.833333333333,66.4875,66.4875,30,65.1624930556,67.570125,False
Nghệ An,421,36,66.4909738717,22.8028503563,1.42517814727,66.4275462963,66.4969047619,35,64.9023090278,67.7325810185,False
Đồng Tháp,399,36,66.6130325815,21.3032581454,0.250626566416,66.1918981481,66.6547979798,33,64.8333854167,67.4660358796,False
Đắk Lắk,277,24,66.7209386282,20.5776173285,0.361010830325,67.0944444444,66.6855072464,23,65.2938541667,69.2359375,False
Cần Thơ,496,45,66.8862903226,21.3709677419,0.604838709677,67.0585185185,66.8691056911,41,65.8301018519,68.3695,False
Huế,158,15,66.953164557,20.253164557,0.632911392405,66.0605555556,67.0467948718,13,63.4725277778,68.30175,False
Hải Phòng,388,35,66.9847938144,21.6494845361,0.257731958763,67.0030952381,67.0002604167,32,65.7717202381,68.1700059524,False
Tây Ninh,264,22,67.3253787879,23.1060606061,0,67.3253787879,67.3253787879,22,65.8166193182,68.8676515152,False
Tuyên Quang,194,17,67.6386597938,21.1340206186,0,67.6490196078,67.6364583333,16,66.0649509804,69.3315196078,False
Thành phố Hồ Chí Minh,1467,135,67.9145875937,18.4730743013,0.68166325835,67.5944444444,67.9462809917,121,66.8436388889,68.3505354938,False
Hà Nội,873,80,68.0382588774,17.1821305842,0.57273768614,67.821875,68.0611111111,72,67.0736041667,68.6214427083,False
