occupation,customer_months,customers,pooled_mean,low60_pct,stress40_pct,equal_customer_mean,complete_panel_mean,complete_panel_customers,customer_bootstrap_ci95_low,customer_bootstrap_ci95_high,small_n
Nhà thiết kế bối cảnh phim,12,1,49.8,50,25,49.8,49.8,1,,,True
Nhân viên pha chế cà phê,12,1,50.825,66.6666666667,16.6666666667,50.825,50.825,1,,,True
Cán bộ giáo dục môi trường,12,1,52.2833333333,66.6666666667,8.33333333333,52.2833333333,52.2833333333,1,,,True
Thư ký pháp lý,1,1,54.5,100,0,54.5,,,,,True
Thư ký công ty,12,1,56.7083333333,50,25,56.7083333333,56.7083333333,1,,,True
Chuyên viên khảo sát khoáng sản,36,3,57.0388888889,50,13.8888888889,57.0388888889,57.0388888889,3,47.1666666667,62.4416666667,True
Chuyên viên kỹ xảo,12,1,57.2166666667,41.6666666667,8.33333333333,57.2166666667,57.2166666667,1,,,True
Vũ công,2,2,57.55,100,0,57.55,,,56,59.1,True
Nhà thủy văn học,13,2,58.1153846154,38.4615384615,7.69230769231,57.0083333333,58.3166666667,1,55.7,58.3166666667,True
Nhà địa chấn học hiện trường,24,2,58.1166666667,58.3333333333,8.33333333333,58.1166666667,58.1166666667,2,57.825,58.4083333333,True
Chuyên viên trị liệu dinh dưỡng,12,1,58.3833333333,66.6666666667,0,58.3833333333,58.3833333333,1,,,True
Quản trị viên tổ chức từ thiện,24,2,58.4291666667,50,4.16666666667,58.4291666667,58.4291666667,2,56.525,60.3333333333,True
Nhà sinh thái học,12,1,58.6333333333,41.6666666667,0,58.6333333333,58.6333333333,1,,,True
Cán bộ triển lãm bảo tàng,48,4,58.9604166667,50,6.25,58.9604166667,58.9604166667,4,54.0208333333,64.4958333333,True
Sĩ quan huấn luyện quân đội,26,4,59.0230769231,42.3076923077,7.69230769231,61.28125,58.6125,2,56.6854166667,65.775,True
Người dẫn chương trình phát sóng,61,6,59.0590163934,40.9836065574,4.91803278689,59.0805555556,59.0566666667,5,52.0041666667,63.6419097222,True
Kiểm soát viên không lưu,2,2,59.1,50,0,59.1,,,56.5,61.7,True
Cán bộ giáo dục bảo tàng,48,4,59.1416666667,50,8.33333333333,59.1416666667,59.1416666667,4,58.5458333333,59.8375,True
Trợ lý phát thanh,36,3,59.6527777778,50,5.55555555556,59.6527777778,59.6527777778,3,56.2583333333,63.1833333333,True
Thư ký y khoa,24,2,59.6958333333,50,4.16666666667,59.6958333333,59.6958333333,2,55.125,64.2666666667,True
Nhân viên nghệ thuật cộng đồng,24,2,59.7125,41.6666666667,0,59.7125,59.7125,2,59.1,60.325,True
Cán bộ tổ chức từ thiện,12,1,59.7416666667,41.6666666667,8.33333333333,59.7416666667,59.7416666667,1,,,True
Nhân viên cấp cứu,36,3,59.8388888889,44.4444444444,2.77777777778,59.8388888889,59.8388888889,3,55.7416666667,65.9916666667,True
Nhân viên cứu trợ quốc tế,26,3,59.8576923077,53.8461538462,3.84615384615,59.0222222222,60.1083333333,2,56.85,62.7166666667,True
Trợ lý sản xuất truyền hình,38,5,60.3210526316,47.3684210526,2.63157894737,59.965,60.375,3,58.8660833333,60.9466666667,True
Quản trị viên nghệ thuật,12,1,60.3333333333,50,0,60.3333333333,60.3333333333,1,,,True
Nhà miễn dịch học,24,2,60.3416666667,45.8333333333,0,60.3416666667,60.3416666667,2,57.3833333333,63.3,True
Nhà môi giới tàu biển,1,1,60.4,0,0,60.4,,,,,True
Nhà hóa học phân tích,24,2,60.4625,41.6666666667,8.33333333333,60.4625,60.4625,2,59.9833333333,60.9416666667,True
Nhà thiết kế sản phẩm,24,2,60.4833333333,29.1666666667,12.5,60.4833333333,60.4833333333,2,57.5583333333,63.4083333333,True
Cán bộ du lịch,12,1,60.525,41.6666666667,0,60.525,60.525,1,,,True
Cán bộ đào tạo và phát triển,12,1,60.575,41.6666666667,0,60.575,60.575,1,,,True
Nhà trị liệu tâm lý,12,1,60.625,50,0,60.625,60.625,1,,,True
Nhân viên xe cứu thương,12,1,60.7416666667,41.6666666667,0,60.7416666667,60.7416666667,1,,,True
Trợ lý chính trị gia,24,2,60.7833333333,33.3333333333,4.16666666667,60.7833333333,60.7833333333,2,57.3916666667,64.175,True
Chuyên viên nghiên cứu chính trị,24,2,61.125,45.8333333333,4.16666666667,61.125,61.125,2,58.2166666667,64.0333333333,True
Thanh tra công trình di tích,37,4,61.1486486486,45.9459459459,0,60.38125,61.2416666667,3,57.8875,64.175,True
Nhân viên giao dịch,36,3,61.3305555556,36.1111111111,2.77777777778,61.3305555556,61.3305555556,3,56.0833333333,64.35,True
Nhà thiết kế bối cảnh,13,2,61.3307692308,38.4615384615,0,58.3833333333,61.8666666667,1,54.9,61.8666666667,True
Kỹ thuật viên y tế,24,2,61.4,37.5,4.16666666667,61.4,61.4,2,59.3666666667,63.4333333333,True
Cán bộ giáo dục cộng đồng,24,2,61.4208333333,33.3333333333,0,61.4208333333,61.4208333333,2,60.5666666667,62.275,True
Cán bộ phát triển thể thao,12,1,61.4333333333,41.6666666667,0,61.4333333333,61.4333333333,1,,,True
Cán bộ thủy sản,24,2,61.55,41.6666666667,0,61.55,61.55,2,60.05,63.05,True
Nhà trị liệu tâm lý qua chuyển động,12,1,61.7333333333,33.3333333333,0,61.7333333333,61.7333333333,1,,,True
Nhân viên y tế cộng đồng,24,2,61.95,45.8333333333,0,61.95,61.95,2,60.0416666667,63.8583333333,True
Nhà di truyền học phân tử,12,1,61.9583333333,41.6666666667,0,61.9583333333,61.9583333333,1,,,True
Chuyên viên pháp lý nhà đất,36,3,62.025,41.6666666667,0,62.025,62.025,3,60.0166666667,64.7916666667,True
Điều dưỡng nhi khoa,49,5,62.0959183673,36.7346938776,6.12244897959,61.3266666667,62.1833333333,4,56.565,65.8914583333,True
Nhân viên tư vấn hỗ trợ,24,2,62.1041666667,33.3333333333,4.16666666667,62.1041666667,62.1041666667,2,60,64.2083333333,True
Chuyên viên truyền thông sức khỏe,12,1,62.175,33.3333333333,0,62.175,62.175,1,,,True
Cán bộ bảo tồn công trình di tích,12,1,62.2583333333,41.6666666667,0,62.2583333333,62.2583333333,1,,,True
Chuyên viên tư vấn hướng nghiệp,1,1,62.3,0,0,62.3,,,,,True
Nhạc sĩ,36,3,62.3166666667,27.7777777778,2.77777777778,62.3166666667,62.3166666667,3,57.85,65.3583333333,True
Chuyên viên an toàn lao động,24,2,62.4875,33.3333333333,0,62.4875,62.4875,2,61.55,63.425,True
Nhà thiết kế web,24,2,62.5666666667,37.5,0,62.5666666667,62.5666666667,2,62.475,62.6583333333,True
Kiểm soát viên tài chính,37,4,62.5864864865,37.8378378378,5.40540540541,64.6520833333,62.3361111111,3,60.1145833333,69.375,True
Cán bộ trại giam,48,4,62.6,35.4166666667,0,62.6,62.6,4,60.7416666667,64.4583333333,True
Giáo viên giáo dục người lớn,12,1,62.6583333333,25,8.33333333333,62.6583333333,62.6583333333,1,,,True
Nhà biên soạn từ điển,36,3,62.7138888889,44.4444444444,0,62.7138888889,62.7138888889,3,61.7333333333,64.6666666667,True
Trình dược viên,24,2,62.7291666667,37.5,0,62.7291666667,62.7291666667,2,62.1916666667,63.2666666667,True
Chuyên viên nghiên cứu chương trình,24,2,62.7291666667,33.3333333333,0,62.7291666667,62.7291666667,2,61.9333333333,63.525,True
Chuyên viên công nghệ chăn nuôi,12,1,62.7416666667,41.6666666667,0,62.7416666667,62.7416666667,1,,,True
Thủ thư thư viện công cộng,60,5,62.7533333333,36.6666666667,1.66666666667,62.7533333333,62.7533333333,5,60.7716666667,64.9066666667,True
Nhà khảo cổ học,36,3,62.7555555556,30.5555555556,2.77777777778,62.7555555556,62.7555555556,3,57.725,69.0333333333,True
Điều dưỡng sức khỏe tâm thần,36,3,62.7611111111,30.5555555556,0,62.7611111111,62.7611111111,3,61.3333333333,65.1083333333,True
Chuyên viên hoạch định truyền thông,12,1,62.7666666667,50,0,62.7666666667,62.7666666667,1,,,True
Chuyên viên gây quỹ từ thiện,24,2,62.7875,41.6666666667,0,62.7875,62.7875,2,62.65,62.925,True
Chuyên viên châm cứu,12,1,62.7916666667,41.6666666667,0,62.7916666667,62.7916666667,1,,,True
Chuyên viên hoạch định quảng cáo,36,3,62.8194444444,30.5555555556,5.55555555556,62.8194444444,62.8194444444,3,60.35,64.3583333333,True
Cán bộ hành chính địa phương,36,3,62.8277777778,38.8888888889,0,62.8277777778,62.8277777778,3,61.4,64.7583333333,True
Nhân viên giao nhận vận tải,24,2,62.8291666667,25,0,62.8291666667,62.8291666667,2,62.4666666667,63.1916666667,True
Chuyên viên tư vấn công nghệ thông tin,12,1,62.8583333333,33.3333333333,0,62.8583333333,62.8583333333,1,,,True
Nhà sản xuất phát thanh,60,5,62.9483333333,35,0,62.9483333333,62.9483333333,5,61.054,64.6316666667,True
Kỹ thuật viên phòng thí nghiệm giảng dạy,24,2,62.975,33.3333333333,0,62.975,62.975,2,62.8666666667,63.0833333333,True
Giáo viên mầm non,60,5,62.9783333333,40,0,62.9783333333,62.9783333333,5,60.07,65.31,True
Chuyên viên tư vấn quản lý,12,1,62.9916666667,33.3333333333,0,62.9916666667,62.9916666667,1,,,True
Nhà thiết kế triển lãm,72,6,63.0513888889,27.7777777778,0,63.0513888889,63.0513888889,6,62.4079513889,63.7334027778,True
Chuyên viên công nghệ kiến trúc,12,1,63.1666666667,33.3333333333,0,63.1666666667,63.1666666667,1,,,True
Chuyên viên quan hệ công chúng,48,4,63.1958333333,22.9166666667,4.16666666667,63.1958333333,63.1958333333,4,59.1375,66.91875,True
Nhà hải dương học,12,1,63.2,33.3333333333,0,63.2,63.2,1,,,True
Chuyên viên xúc tiến bán hàng,2,2,63.2,0,0,63.2,,,60.2,66.2,True
Chuyên viên thông tin hướng nghiệp,13,2,63.2384615385,30.7692307692,0,65.8333333333,62.7666666667,1,62.7666666667,68.9,True
Cán bộ chính quyền địa phương,12,1,63.3,50,0,63.3,63.3,1,,,True
Chuyên viên mua quảng cáo,12,1,63.3083333333,41.6666666667,0,63.3083333333,63.3083333333,1,,,True
Nhà hóa sinh lâm sàng,48,4,63.3083333333,33.3333333333,2.08333333333,63.3083333333,63.3083333333,4,60.5791666667,65.8979166667,True
Phóng viên ảnh,24,2,63.3125,33.3333333333,0,63.3125,63.3125,2,61.25,65.375,True
Chuyên viên tư vấn thuế,24,2,63.325,33.3333333333,0,63.325,63.325,2,61.7916666667,64.8583333333,True
Biên tập viên chuyên đề tạp chí,72,6,63.3416666667,31.9444444444,0,63.3416666667,63.3416666667,6,61.7840972222,64.6402777778,True
Chuyên viên giám sát xây dựng,36,3,63.3444444444,36.1111111111,2.77777777778,63.3444444444,63.3444444444,3,59.2666666667,67.8666666667,True
Chuyên viên trị liệu nghệ thuật,36,3,63.3472222222,33.3333333333,0,63.3472222222,63.3472222222,3,62.4916666667,64.9583333333,True
Chuyên viên cắt tỉa cây,14,3,63.3642857143,28.5714285714,0,64.15,63.15,1,63.15,66,True
Chuyên viên nghiên cứu xã hội,36,3,63.3861111111,36.1111111111,0,63.3861111111,63.3861111111,3,62.0833333333,64.975,True
Cán bộ thông tin,1,1,63.4,0,0,63.4,,,,,True
Người hướng dẫn học tập,12,1,63.4166666667,33.3333333333,0,63.4166666667,63.4166666667,1,,,True
Chuyên viên tư vấn hưu trí,36,3,63.4527777778,33.3333333333,0,63.4527777778,63.4527777778,3,60.85,68.1833333333,True
Chuyên viên nghiên cứu thị trường,24,2,63.4625,29.1666666667,4.16666666667,63.4625,63.4625,2,63.4333333333,63.4916666667,True
Quản lý lâm nghiệp,1,1,63.5,0,0,63.5,,,,,True
Chuyên viên khảo sát mỏ,12,1,63.5,33.3333333333,0,63.5,63.5,1,,,True
Thông dịch viên,12,1,63.5083333333,25,0,63.5083333333,63.5083333333,1,,,True
Cán bộ bình đẳng và đa dạng,24,2,63.5583333333,29.1666666667,0,63.5583333333,63.5583333333,2,62.7833333333,64.3333333333,True
Chuyên viên biên tập nội dung,12,1,63.575,33.3333333333,8.33333333333,63.575,63.575,1,,,True
Chuyên viên vi lượng đồng căn,1,1,63.6,0,0,63.6,,,,,True
Nhà thiết kế dệt may,24,2,63.6375,41.6666666667,0,63.6375,63.6375,2,60.9583333333,66.3166666667,True
Nghiên cứu viên lâm sàng,24,2,63.7083333333,37.5,0,63.7083333333,63.7083333333,2,63.1,64.3166666667,True
Nhân viên phát triển cộng đồng,49,5,63.7102040816,30.612244898,0,63.1766666667,63.7708333333,4,61.1777083333,65.2,True
Chuyên viên trị liệu thảo dược,24,2,63.7208333333,29.1666666667,0,63.7208333333,63.7208333333,2,62.0916666667,65.35,True
Chuyên viên dự toán xây dựng,62,7,63.735483871,33.8709677419,0,63.0583333333,63.8216666667,5,61.219672619,64.3625,True
Chuyên viên quy hoạch đô thị,24,2,63.7833333333,25,0,63.7833333333,63.7833333333,2,62.6166666667,64.95,True
Chuyên viên dinh dưỡng vật nuôi,24,2,63.8291666667,37.5,0,63.8291666667,63.8291666667,2,62.9083333333,64.75,True
Nhà luyện kim,24,2,63.8333333333,12.5,0,63.8333333333,63.8333333333,2,61.6666666667,66,True
Chuyên viên lưu trữ,12,1,63.9083333333,33.3333333333,0,63.9083333333,63.9083333333,1,,,True
Thầy thuốc đông y,24,2,63.9166666667,20.8333333333,0,63.9166666667,63.9166666667,2,61.9,65.9333333333,True
Cán bộ quản chế,36,3,63.9333333333,33.3333333333,0,63.9333333333,63.9333333333,3,61.2833333333,66.775,True
Chuyên viên kinh doanh,13,2,63.9615384615,30.7692307692,0,64.3458333333,63.8916666667,1,63.8916666667,64.8,True
Chuyên viên sinh lý vận động,48,4,63.98125,35.4166666667,0,63.98125,63.98125,4,61.1,66.8625,True
Nhà trị liệu tâm lý trẻ em,72,6,64.0027777778,29.1666666667,1.38888888889,64.0027777778,64.0027777778,6,61.5293055556,65.7930555556,True
Nhà thiết kế sản phẩm công nghiệp,49,5,64.012244898,32.6530612245,0,63.1116666667,64.1145833333,4,60.8383333333,64.855,True
Nhà địa hóa học,36,3,64.0277777778,27.7777777778,5.55555555556,64.0277777778,64.0277777778,3,54.9666666667,68.7583333333,True
Biên tập viên hiệu đính,48,4,64.0416666667,31.25,0,64.0416666667,64.0416666667,4,63.7916666667,64.2916666667,True
Công chức diện đào tạo nhanh,24,2,64.0416666667,33.3333333333,0,64.0416666667,64.0416666667,2,61.15,66.9333333333,True
Nhà thiết kế đa phương tiện,13,2,64.0538461538,23.0769230769,0,63.4333333333,64.1666666667,1,62.7,64.1666666667,True
Tiếp viên hàng không,24,2,64.0583333333,33.3333333333,4.16666666667,64.0583333333,64.0583333333,2,63.8,64.3166666667,True
Thư ký hành chính,12,1,64.1083333333,16.6666666667,0,64.1083333333,64.1083333333,1,,,True
Nhà thiết kế gốm sứ,72,6,64.1152777778,29.1666666667,1.38888888889,64.1152777778,64.1152777778,6,62.0123263889,66.0917361111,True
Người quay phim,12,1,64.125,33.3333333333,0,64.125,64.125,1,,,True
Cán bộ quan hệ sắc tộc,36,3,64.1777777778,33.3333333333,0,64.1777777778,64.1777777778,3,63.65,64.5416666667,True
Chuyên viên khảo sát bất động sản,24,2,64.1833333333,25,0,64.1833333333,64.1833333333,2,62.0416666667,66.325,True
Nhà sản xuất truyền hình,48,4,64.2666666667,22.9166666667,4.16666666667,64.2666666667,64.2666666667,4,61.2791666667,67.5836979167,True
Nhà vật lý y tế,12,1,64.3,25,0,64.3,64.3,1,,,True
Kỹ thuật viên phân tích mẫu khoan,12,1,64.3083333333,41.6666666667,0,64.3083333333,64.3083333333,1,,,True
Người phụ trách bảo tàng,36,3,64.3194444444,30.5555555556,0,64.3194444444,64.3194444444,3,61.75,67.0583333333,True
Chuyên viên tư vấn hướng nghiệp bậc đại học,24,2,64.3208333333,29.1666666667,8.33333333333,64.3208333333,64.3208333333,2,64.075,64.5666666667,True
Chuyên viên cây xanh cảnh quan,24,2,64.3583333333,37.5,0,64.3583333333,64.3583333333,2,61.5416666667,67.175,True
Giáo viên trung học,60,5,64.4166666667,30,0,64.4166666667,64.4166666667,5,63.3215833333,65.7547916667,True
Chuyên viên trang điểm,36,3,64.4166666667,30.5555555556,0,64.4166666667,64.4166666667,3,61.5333333333,66.3833333333,True
Quản trị viên,24,2,64.4666666667,33.3333333333,0,64.4666666667,64.4666666667,2,61.2166666667,67.7166666667,True
Chuyên viên trị liệu bằng làm vườn,60,5,64.4733333333,26.6666666667,0,64.4733333333,64.4733333333,5,62.93475,66.0116666667,True
Cảnh sát,13,2,64.5,15.3846153846,0,63.0333333333,64.7666666667,1,61.3,64.7666666667,True
Giáo viên tiếng anh,62,7,64.5225806452,30.6451612903,0,63.0238095238,64.7133333333,5,59.405952381,65.8833333333,True
Điều dưỡng khuyết tật học tập,24,2,64.5541666667,25,0,64.5541666667,64.5541666667,2,61.975,67.1333333333,True
Chuyên viên trị liệu thể thao,12,1,64.5583333333,33.3333333333,0,64.5583333333,64.5583333333,1,,,True
Chuyên viên giám định rủi ro bảo hiểm,36,3,64.5583333333,25,0,64.5583333333,64.5583333333,3,62.5083333333,66.0166666667,True
Sĩ quan kỹ thuật quân đội,1,1,64.6,0,0,64.6,,,,,True
Chuyên viên phục chế đồ gỗ,24,2,64.65,25,0,64.65,64.65,2,63.5166666667,65.7833333333,True
Chuyên viên pháp chế,13,2,64.6615384615,23.0769230769,0,64.45,64.7,1,64.2,64.7,True
Chuyên viên tư vấn môi trường,36,3,64.6833333333,25,0,64.6833333333,64.6833333333,3,60.95,69.3416666667,True
Cán bộ ứng phó khẩn cấp,24,2,64.7041666667,37.5,0,64.7041666667,64.7041666667,2,61.7583333333,67.65,True
Chuyên viên hoạt hình,12,1,64.7083333333,25,0,64.7083333333,64.7083333333,1,,,True
Nhà vật lý y khoa,36,3,64.7083333333,27.7777777778,0,64.7083333333,64.7083333333,3,61.35,66.675,True
Quản trị viên giáo dục,36,3,64.725,27.7777777778,5.55555555556,64.725,64.725,3,59.7666666667,67.2583333333,True
Nhà môi giới hàng không,12,1,64.7916666667,25,0,64.7916666667,64.7916666667,1,,,True
Chuyên viên trắc địa,108,9,64.8018518519,25.9259259259,1.85185185185,64.8018518519,64.8018518519,9,63.0641898148,66.2242361111,True
Chuyên viên tổ chức sự kiện,12,1,64.8083333333,25,0,64.8083333333,64.8083333333,1,,,True
Chuyên viên làm vườn thương mại,61,6,64.8229508197,22.9508196721,0,65.3541666667,64.765,5,63.3652777778,67.2736111111,True
Chuyên viên quy hoạch và phát triển,12,1,64.8666666667,25,0,64.8666666667,64.8666666667,1,,,True
Chuyên viên dựng phim,109,10,64.8880733945,24.7706422018,0,64.8525,64.8916666667,9,63.13075,66.5960208333,False
Người bán sách,36,3,64.9277777778,27.7777777778,0,64.9277777778,64.9277777778,3,64.0583333333,66.0833333333,True
Quản trị viên cơ sở dữ liệu,25,3,64.936,24,0,63.5194444444,65.1291666667,2,60.3,66.6916666667,True
Nhà môi giới bảo hiểm,24,2,64.9375,25,0,64.9375,64.9375,2,64.5666666667,65.3083333333,True
Trợ lý sản xuất phát thanh,12,1,64.95,16.6666666667,0,64.95,64.95,1,,,True
Chuyên viên y tế môi trường,12,1,64.9583333333,16.6666666667,0,64.9583333333,64.9583333333,1,,,True
Thủ thư học thuật,48,4,64.96875,25,0,64.96875,64.96875,4,63.9613020833,65.975,True
Nhà văn khoa học,60,5,64.9833333333,31.6666666667,1.66666666667,64.9833333333,64.9833333333,5,63.1316666667,66.5066666667,True
Nhà chọn giống cây trồng,12,1,65.025,33.3333333333,0,65.025,65.025,1,,,True
Cán bộ bảo tồn thiên nhiên,13,2,65.0384615385,38.4615384615,0,57.3208333333,66.4416666667,1,48.2,66.4416666667,True
Chuyên viên khảo sát nông thôn,24,2,65.0458333333,29.1666666667,0,65.0458333333,65.0458333333,2,60.65,69.4416666667,True
Cán bộ thử nghiệm hiện trường,13,2,65.0538461538,15.3846153846,0,64.3875,65.175,1,63.6,65.175,True
Nhà địa chất hiện trường,72,6,65.0597222222,27.7777777778,0,65.0597222222,65.0597222222,6,63.2986111111,66.7516319444,True
Nhà kinh tế học,24,2,65.0875,29.1666666667,0,65.0875,65.0875,2,64.1083333333,66.0666666667,True
Nhà thiết kế trang sức,48,4,65.0875,33.3333333333,2.08333333333,65.0875,65.0875,4,63.55625,66.91875,True
Nhà thiết kế đồ gỗ,25,3,65.16,24,0,64.8055555556,65.2083333333,2,64,65.2333333333,True
Giáo viên dạy nhạc,60,5,65.1616666667,26.6666666667,1.66666666667,65.1616666667,65.1616666667,5,62.8516666667,67.4716666667,True
Nghệ nhân thổi thủy tinh,24,2,65.175,25,0,65.175,65.175,2,64.6916666667,65.6583333333,True
Chánh văn phòng,13,2,65.2384615385,23.0769230769,0,61.1416666667,65.9833333333,1,56.3,65.9833333333,True
Chuyên viên kính thuốc,48,4,65.2520833333,20.8333333333,2.08333333333,65.2520833333,65.2520833333,4,63.5125,67.0758854167,True
Nhà thiết kế nội thất,36,3,65.2555555556,25,0,65.2555555556,65.2555555556,3,64.2333333333,66.6416666667,True
Chuyên viên công nghệ màu sắc,48,4,65.3395833333,27.0833333333,0,65.3395833333,65.3395833333,4,63.0583333333,67.6208333333,True
Nhà báo,24,2,65.3416666667,29.1666666667,0,65.3416666667,65.3416666667,2,63.2083333333,67.475,True
Quản lý trung tâm thể hình,25,3,65.424,24,0,65.9361111111,65.3541666667,2,63.275,67.4333333333,True
Chuyên viên trị liệu kịch nghệ,12,1,65.4333333333,16.6666666667,0,65.4333333333,65.4333333333,1,,,True
Kỹ thuật viên phòng thí nghiệm,24,2,65.4541666667,16.6666666667,0,65.4541666667,65.4541666667,2,62.1166666667,68.7916666667,True
Cán bộ phát triển nghệ thuật,12,1,65.4583333333,8.33333333333,0,65.4583333333,65.4583333333,1,,,True
Lính cứu hỏa,24,2,65.4666666667,16.6666666667,0,65.4666666667,65.4666666667,2,63.1083333333,67.825,True
Sĩ quan hậu cần quân đội,24,2,65.4708333333,25,0,65.4708333333,65.4708333333,2,64.55,66.3916666667,True
Công chức hành chính,12,1,65.4833333333,25,0,65.4833333333,65.4833333333,1,,,True
Nhà địa chất công trình,60,5,65.4833333333,21.6666666667,0,65.4833333333,65.4833333333,5,63.1337916667,68.3516666667,True
Đạo diễn sân khấu,13,2,65.5,30.7692307692,0,61.1,66.3,1,55.9,66.3,True
Chuyên viên tư vấn tâm lý,36,3,65.5055555556,27.7777777778,0,65.5055555556,65.5055555556,3,63.65,69.025,True
Chủ nhiệm ánh sáng trường quay,24,2,65.5083333333,29.1666666667,0,65.5083333333,65.5083333333,2,63.1,67.9166666667,True
Nhà di truyền tế bào học,36,3,65.5083333333,27.7777777778,0,65.5083333333,65.5083333333,3,64.4916666667,66.6666666667,True
Nhà thầu,12,1,65.5166666667,16.6666666667,0,65.5166666667,65.5166666667,1,,,True
Chuyên viên nghiên cứu công đoàn,36,3,65.5361111111,27.7777777778,0,65.5361111111,65.5361111111,3,63.9416666667,68.3083333333,True
Chuyên viên thuế cấp cao,49,5,65.5510204082,30.612244898,0,65.5416666667,65.5520833333,4,65.0749583333,66.2633333333,True
Chuyên viên kinh doanh công nghệ thông tin,36,3,65.5861111111,25,0,65.5861111111,65.5861111111,3,61.0833333333,69.475,True
Quản lý thu mua,12,1,65.6916666667,25,0,65.6916666667,65.6916666667,1,,,True
Chuyên viên vật lý trị liệu,36,3,65.7,30.5555555556,0,65.7,65.7,3,64.5333333333,66.5583333333,True
Nghệ sĩ,12,1,65.7083333333,25,0,65.7083333333,65.7083333333,1,,,True
Quản lý sản phẩm,12,1,65.725,25,0,65.725,65.725,1,,,True
Nhà độc chất học,24,2,65.775,16.6666666667,0,65.775,65.775,2,63.4666666667,68.0833333333,True
Chuyên viên công nghệ dệt may,60,5,65.8033333333,20,0,65.8033333333,65.8033333333,5,63.3983333333,68.1583333333,True
Chuyên viên trưng bày sản phẩm,12,1,65.8083333333,33.3333333333,0,65.8083333333,65.8083333333,1,,,True
Biên tập viên đặt bài,37,4,65.8594594595,18.9189189189,0,66.7395833333,65.7527777778,3,64.1958333333,69.2833333333,True
Chuyên viên khảo sát công trình,48,4,65.8833333333,20.8333333333,0,65.8833333333,65.8833333333,4,63.5041666667,67.5,True
Giáo viên giáo dục đặc biệt,60,5,65.8866666667,20,0,65.8866666667,65.8866666667,5,64.1516666667,67.4733333333,True
Nhà dược lý học,12,1,65.9916666667,16.6666666667,0,65.9916666667,65.9916666667,1,,,True
Chuyên viên trị liệu âm nhạc,36,3,66.0111111111,25,0,66.0111111111,66.0111111111,3,64.3666666667,67.9666666667,True
Kiểm lâm,24,2,66.0125,20.8333333333,0,66.0125,66.0125,2,62.125,69.9,True
Chuyên viên tư vấn tài chính,60,5,66.02,23.3333333333,0,66.02,66.02,5,63.4033333333,68.5066666667,True
Chuyên viên khảo sát thủy văn,24,2,66.05,25,0,66.05,66.05,2,65.5666666667,66.5333333333,True
Họa sĩ,25,3,66.056,20,0,62.9833333333,66.475,2,56,69.9416666667,True
Điều dưỡng tâm thần,12,1,66.075,25,0,66.075,66.075,1,,,True
Chuyên viên nghiên cứu viễn thông,12,1,66.1,16.6666666667,0,66.1,66.1,1,,,True
Kỹ thuật viên chẩn đoán hình ảnh,48,4,66.1041666667,20.8333333333,0,66.1041666667,66.1041666667,4,65.55,67.01875,True
Họa sĩ minh họa,12,1,66.1666666667,16.6666666667,0,66.1666666667,66.1666666667,1,,,True
Kỹ thuật viên xạ trị,24,2,66.1791666667,25,0,66.1791666667,66.1791666667,2,61.5583333333,70.8,True
Chuyên viên nhân sự,38,5,66.2078947368,23.6842105263,0,64.1333333333,66.5222222222,3,60.8933333333,66.81,True
Chuyên viên trị liệu nghề nghiệp,60,5,66.2133333333,18.3333333333,1.66666666667,66.2133333333,66.2133333333,5,63.5769166667,68.255,True
Chuyên viên thẩm định bồi thường,48,4,66.2145833333,18.75,0,66.2145833333,66.2145833333,4,64.7541666667,67.675,True
Quản lý tổng đài,36,3,66.225,25,5.55555555556,66.225,66.225,3,60.5666666667,69.4583333333,True
Chuyên viên quy hoạch giao thông,36,3,66.2277777778,27.7777777778,0,66.2277777778,66.2277777778,3,64.7333333333,68.925,True
Chuyên viên di truyền tế bào lâm sàng,14,2,66.3071428571,21.4285714286,0,67.4083333333,65.8666666667,1,65.8666666667,68.95,True
Nhà tâm lý học nghề nghiệp,24,2,66.3541666667,20.8333333333,0,66.3541666667,66.3541666667,2,66.3333333333,66.375,True
Chuyên viên thu mua bán lẻ,36,3,66.3722222222,30.5555555556,0,66.3722222222,66.3722222222,3,65.225,67.1166666667,True
Biên tập viên hiệu đính báo chí,12,1,66.375,16.6666666667,0,66.375,66.375,1,,,True
Chuyên viên chăm sóc bàn chân,36,3,66.3777777778,16.6666666667,2.77777777778,66.3777777778,66.3777777778,3,61.175,70.1583333333,True
Người quay phim truyền hình,12,1,66.4,8.33333333333,0,66.4,66.4,1,,,True
Nhà tâm lý học giáo dục,48,4,66.4458333333,22.9166666667,2.08333333333,66.4458333333,66.4458333333,4,63.6666666667,69.5083333333,True
Quản lý dịch vụ ăn uống,12,1,66.45,25,0,66.45,66.45,1,,,True
Chuyên viên trưng bày bán lẻ,36,3,66.4916666667,22.2222222222,0,66.4916666667,66.4916666667,3,64.5083333333,67.8416666667,True
Nhân viên cứu trợ,12,1,66.575,16.6666666667,0,66.575,66.575,1,,,True
Chuyên viên viết nội dung quảng cáo,62,7,66.6290322581,19.3548387097,0,66.3988095238,66.6583333333,5,65.0261904762,67.6130952381,True
Chuyên viên tư vấn nông nghiệp,48,4,66.6833333333,18.75,0,66.6833333333,66.6833333333,4,65.0833333333,69.4666666667,True
Quản lý dịch vụ y tế,24,2,66.7125,16.6666666667,0,66.7125,66.7125,2,65.7,67.725,True
Chuyên viên xử lý bồi thường bảo hiểm,12,1,66.775,25,0,66.775,66.775,1,,,True
Quản lý phòng tranh,12,1,66.7916666667,8.33333333333,0,66.7916666667,66.7916666667,1,,,True
Quản lý nhà hàng thức ăn nhanh,12,1,66.95,25,0,66.95,66.95,1,,,True
Lập trình viên hệ thống,49,5,66.9857142857,16.3265306122,0,68.07,66.8625,4,66.1183333333,70.8016666667,True
Chuyên viên pháp lý được cấp chứng chỉ,12,1,66.9916666667,16.6666666667,0,66.9916666667,66.9916666667,1,,,True
Chuyên viên vệ sinh lao động,36,3,67.0416666667,19.4444444444,2.77777777778,67.0416666667,67.0416666667,3,62.9333333333,71.275,True
Nhà tâm lý học thể thao,48,4,67.0625,14.5833333333,2.08333333333,67.0625,67.0625,4,65.1104166667,69.3354166667,True
Nhà tâm lý học tư vấn,60,5,67.0633333333,20,0,67.0633333333,67.0633333333,5,65.2676666667,68.8022916667,True
Nhà văn,12,1,67.1,16.6666666667,0,67.1,67.1,1,,,True
Kế toán công tài chính công,48,4,67.1333333333,18.75,0,67.1333333333,67.1333333333,4,66.0416666667,68.38125,True
Giáo viên tiểu học,24,2,67.1458333333,20.8333333333,0,67.1458333333,67.1458333333,2,67.0916666667,67.2,True
Quản lý nhà hát,12,1,67.1833333333,16.6666666667,0,67.1833333333,67.1833333333,1,,,True
Kế toán viên công chứng,14,3,67.2428571429,21.4285714286,0,65.0166666667,67.85,1,63,67.85,True
Nhà báo phát thanh truyền hình,2,1,67.25,50,0,67.25,,,,,True
Quản lý quán bar,12,1,67.2583333333,8.33333333333,0,67.2583333333,67.2583333333,1,,,True
Quản lý trường quay,36,3,67.2638888889,19.4444444444,0,67.2638888889,67.2638888889,3,65.4,70.25,True
Điều phối viên tình nguyện,12,1,67.2666666667,16.6666666667,0,67.2666666667,67.2666666667,1,,,True
Kỹ thuật viên sản xuất bia,36,3,67.3805555556,19.4444444444,0,67.3805555556,67.3805555556,3,65.3,68.5083333333,True
Chuyên viên phôi học lâm sàng,24,2,67.3833333333,29.1666666667,0,67.3833333333,67.3833333333,2,65.4416666667,69.325,True
Chuyên viên phân tích đầu tư,12,1,67.425,8.33333333333,0,67.425,67.425,1,,,True
Quản lý bất động sản,12,1,67.475,33.3333333333,0,67.475,67.475,1,,,True
Nhà địa vật lý,12,1,67.5166666667,8.33333333333,0,67.5166666667,67.5166666667,1,,,True
Chuyên viên thu mua công nghiệp,49,5,67.5367346939,16.3265306122,0,67.145,67.58125,4,66.1866666667,67.902375,True
Quản lý sản xuất,36,3,67.5527777778,19.4444444444,0,67.5527777778,67.5527777778,3,67.1583333333,68.275,True
Nhà nghiên cứu bò sát,12,1,67.5833333333,25,0,67.5833333333,67.5833333333,1,,,True
Nhà địa chất thủy văn,12,1,67.6416666667,25,0,67.6416666667,67.6416666667,1,,,True
Chuyên viên chỉnh thị,12,1,67.6666666667,16.6666666667,0,67.6666666667,67.6666666667,1,,,True
Chuyên viên phân tích địa chấn,24,2,67.6833333333,16.6666666667,0,67.6833333333,67.6833333333,2,67.2666666667,68.1,True
Quản lý mỏ đá,12,1,67.6916666667,25,0,67.6916666667,67.6916666667,1,,,True
Chuyên viên giám định tổn thất công chứng,36,3,67.7444444444,13.8888888889,0,67.7444444444,67.7444444444,3,65.8,70.1083333333,True
Quản lý di sản,24,2,67.75,16.6666666667,0,67.75,67.75,2,67.275,68.225,True
Chuyên viên thẩm định bảo hiểm,36,3,67.7638888889,22.2222222222,0,67.7638888889,67.7638888889,3,66.0833333333,68.6916666667,True
Quản lý năng lượng,12,1,67.7666666667,16.6666666667,0,67.7666666667,67.7666666667,1,,,True
Cán bộ xuất nhập cảnh,12,1,67.775,16.6666666667,0,67.775,67.775,1,,,True
Chuyên viên tư vấn quan hệ công chúng,24,2,67.875,20.8333333333,4.16666666667,67.875,67.875,2,67.575,68.175,True
Thanh tra thuế,12,1,67.9083333333,8.33333333333,0,67.9083333333,67.9083333333,1,,,True
Kỹ thuật viên kế toán,48,4,67.9375,18.75,2.08333333333,67.9375,67.9375,4,63.7708333333,70.5583333333,True
Kỹ sư hàng không,25,3,67.964,16,0,69.4111111111,67.7666666667,2,66.025,72.7,True
Chuyên viên nắn chỉnh xương,12,1,67.9666666667,8.33333333333,0,67.9666666667,67.9666666667,1,,,True
Cán bộ quản lý chất thải,24,2,68.05,16.6666666667,0,68.05,68.05,2,63.8333333333,72.2666666667,True
Nhà khoa học nghiên cứu khoa học tự nhiên,48,4,68.1083333333,18.75,0,68.1083333333,68.1083333333,4,67.0770833333,69.075,True
Chuyên viên nghiên cứu vận hành,12,1,68.1583333333,8.33333333333,0,68.1583333333,68.1583333333,1,,,True
Nhà tâm lý học pháp y,61,6,68.1655737705,16.393442623,0,68.7972222222,68.0966666667,5,67.6941666667,70.2530208333,True
Kế toán viên tài chính công,24,2,68.1666666667,16.6666666667,0,68.1666666667,68.1666666667,2,65.2833333333,71.05,True
Chuyên viên chăm sóc cây,24,2,68.2333333333,12.5,0,68.2333333333,68.2333333333,2,66.8833333333,69.5833333333,True
Quản lý bán lẻ,14,2,68.2357142857,14.2857142857,0,65.1791666667,69.4583333333,1,60.9,69.4583333333,True
Lập trình viên ứng dụng,36,3,68.2638888889,16.6666666667,0,68.2638888889,68.2638888889,3,64.3,72.1666666667,True
Chuyên viên phân tích hệ thống,36,3,68.275,13.8888888889,0,68.275,68.275,3,66.6416666667,70.1833333333,True
Nhà tâm lý học lâm sàng,24,2,68.2833333333,16.6666666667,0,68.2833333333,68.2833333333,2,68.1583333333,68.4083333333,True
Quản lý khách sạn,12,1,68.3416666667,16.6666666667,0,68.3416666667,68.3416666667,1,,,True
Chuyên viên quản lý khách hàng quảng cáo,25,3,68.36,8,0,67.9138888889,68.4208333333,2,66.9,68.5333333333,True
Chuyên viên phân tích rủi ro,13,2,68.3692307692,7.69230769231,0,66.9625,68.625,1,65.3,68.625,True
Chuyên viên quản lý đất đai,12,1,68.425,0,0,68.425,68.425,1,,,True
Quản lý bối cảnh quay,12,1,68.45,8.33333333333,0,68.45,68.45,1,,,True
Chuyên viên tiếp thị,12,1,68.4583333333,16.6666666667,0,68.4583333333,68.4583333333,1,,,True
Chuyên viên vẽ bản đồ,12,1,68.475,8.33333333333,0,68.475,68.475,1,,,True
Kỹ sư hệ thống sản xuất,12,1,68.5333333333,8.33333333333,0,68.5333333333,68.5333333333,1,,,True
Kỹ sư ô tô,48,4,68.5354166667,12.5,2.08333333333,68.5354166667,68.5354166667,4,66.5041666667,69.8708333333,True
Chuyên viên phục chế bảo tàng,36,3,68.5555555556,13.8888888889,0,68.5555555556,68.5555555556,3,67.2916666667,69.65,True
Kỹ sư điện tử,36,3,68.5805555556,8.33333333333,0,68.5805555556,68.5805555556,3,67.5083333333,69.4333333333,True
Nhà báo tạp chí,12,1,68.5916666667,16.6666666667,8.33333333333,68.5916666667,68.5916666667,1,,,True
Phó giáo sư,12,1,68.6083333333,25,0,68.6083333333,68.6083333333,1,,,True
Nhà khoa học lâm sàng miễn dịch di truyền,12,1,68.6416666667,25,0,68.6416666667,68.6416666667,1,,,True
Quản lý cơ sở vật chất,24,2,68.6875,12.5,0,68.6875,68.6875,2,66.2916666667,71.0833333333,True
Cán bộ quản lý thể thao,12,1,68.925,25,0,68.925,68.925,1,,,True
Kỹ sư vận hành phát sóng,12,1,68.95,33.3333333333,0,68.95,68.95,1,,,True
Chuyên viên ngân hàng bán lẻ,12,1,69.0083333333,8.33333333333,0,69.0083333333,69.0083333333,1,,,True
Nhà thống kê,12,1,69.0583333333,8.33333333333,0,69.0583333333,69.0583333333,1,,,True
Quản lý hệ thống thông tin,24,2,69.175,16.6666666667,0,69.175,69.175,2,67.675,70.675,True
Quản lý công ty du lịch,24,2,69.175,16.6666666667,0,69.175,69.175,2,66.5833333333,71.7666666667,True
Nhà khoa học chất lượng nước,12,1,69.1833333333,25,0,69.1833333333,69.1833333333,1,,,True
Kỹ sư y sinh,49,5,69.1836734694,14.2857142857,0,69.1133333333,69.1916666667,4,68.2866666667,70.0033333333,True
Kỹ sư khoan,60,5,69.3733333333,16.6666666667,0,69.3733333333,69.3733333333,5,68.315,70.2733333333,True
Nhà khoa học nghiên cứu y học,25,3,69.38,16,0,71.0055555556,69.1583333333,2,66.9,74.7,True
Nhà khoa học sinh lý,36,3,69.3972222222,13.8888888889,0,69.3972222222,69.3972222222,3,68.35,71.4583333333,True
Kỹ sư điều khiển và tự động hóa,36,3,69.4166666667,11.1111111111,0,69.4166666667,69.4166666667,3,67.6916666667,70.4166666667,True
Nhà khoa học thổ nhưỡng,36,3,69.5888888889,13.8888888889,0,69.5888888889,69.5888888889,3,68.2416666667,70.4083333333,True
Kỹ sư công trường,25,3,69.604,12,0,69.5722222222,69.6083333333,2,66.9916666667,72.225,True
Quản lý hậu cần và phân phối,12,1,69.6416666667,0,0,69.6416666667,69.6416666667,1,,,True
Giảng viên giáo dục thường xuyên,61,6,69.6442622951,14.7540983607,0,69.8208333333,69.625,5,67.9,71.5805555556,True
Quản lý công viên giải trí,24,2,69.6708333333,8.33333333333,0,69.6708333333,69.6708333333,2,69.4833333333,69.8583333333,True
Kỹ sư cơ điện công trình,25,3,69.676,16,0,69.9583333333,69.6375,2,68.75,70.6,True
Quản lý sân khấu,12,1,69.75,16.6666666667,0,69.75,69.75,1,,,True
Nhà khoa học biển,36,3,69.8444444444,8.33333333333,0,69.8444444444,69.8444444444,3,68.65,71.95,True
Chuyên viên ngân hàng đầu tư doanh nghiệp,36,3,69.8694444444,13.8888888889,0,69.8694444444,69.8694444444,3,66.5583333333,72.875,True
Nhà khoa học địa chất,36,3,69.8888888889,16.6666666667,0,69.8888888889,69.8888888889,3,66.7333333333,73.5333333333,True
Quản lý quỹ hưu trí,12,1,69.95,8.33333333333,0,69.95,69.95,1,,,True
Dược sĩ bệnh viện,37,4,69.9540540541,24.3243243243,0,69.78125,69.975,3,68.9833333333,70.5791666667,True
Kỹ sư cơ khí,60,5,69.98,16.6666666667,0,69.98,69.98,5,68.0783333333,72.0533333333,True
Quản lý kho,1,1,70,0,0,70,,,,,True
Kỹ sư năng lượng,37,4,70.0216216216,10.8108108108,0,71.1625,69.8833333333,3,68.7479166667,74.1270833333,True
Kỹ sư đóng tàu,72,6,70.0361111111,16.6666666667,1.38888888889,70.0361111111,70.0361111111,6,68.3493055556,71.75,True
Kỹ sư kết cấu,36,3,70.125,11.1111111111,0,70.125,70.125,3,67.5583333333,72.05,True
Quản lý nông trại,24,2,70.1625,8.33333333333,0,70.1625,70.1625,2,70.025,70.3,True
Kỹ sư cấp thoát nước,25,3,70.204,4,0,69.5305555556,70.2958333333,2,68,71.9416666667,True
Quản lý tour du lịch,12,1,70.2583333333,16.6666666667,0,70.2583333333,70.2583333333,1,,,True
Nhà khoa học nghiên cứu toán học,49,5,70.2836734694,6.12244897959,0,71.0383333333,70.1979166667,4,69.86,72.7083333333,True
Chuyên viên tư vấn làm vườn,13,2,70.3307692308,15.3846153846,0,73.2958333333,69.7916666667,1,69.7916666667,76.8,True
Quản lý trung tâm thông tin du lịch,24,2,70.3375,8.33333333333,0,70.3375,70.3375,2,68.8083333333,71.8666666667,True
Quản lý môi trường,12,1,70.3583333333,8.33333333333,0,70.3583333333,70.3583333333,1,,,True
Giảng viên công nghệ thông tin,48,4,70.39375,12.5,0,70.39375,70.39375,4,67.2541666667,73.5333333333,True
Chuyên viên phân tích tình báo,12,1,70.4083333333,8.33333333333,0,70.4083333333,70.4083333333,1,,,True
Kỹ sư hóa học,50,5,70.43,14,0,70,70.5375,4,68.515,72.1183333333,True
Kỹ sư khai thác mỏ,72,6,70.4555555556,11.1111111111,0,70.4555555556,70.4555555556,6,69.6722222222,71.3277777778,True
Kỹ sư viễn thông,36,3,70.5,11.1111111111,0,70.5,70.5,3,67.7333333333,75.225,True
Nhà giao dịch hợp đồng tương lai,36,3,70.5805555556,8.33333333333,0,70.5805555556,70.5805555556,3,66.5583333333,72.8083333333,True
Kỹ sư xây dựng tư vấn,12,1,70.675,16.6666666667,0,70.675,70.675,1,,,True
Kỹ sư bảo trì,36,3,70.875,11.1111111111,0,70.875,70.875,3,70.1,71.9833333333,True
Quản lý hồ sơ,12,1,70.9,8.33333333333,0,70.9,70.9,1,,,True
Giáo sư danh dự,12,1,70.9,8.33333333333,0,70.9,70.9,1,,,True
Nhà khoa học y sinh,72,6,70.9763888889,12.5,0,70.9763888889,70.9763888889,6,69.0202430556,73.1027777778,True
Kỹ sư xây dựng thi công,12,1,71.05,16.6666666667,0,71.05,71.05,1,,,True
Kế toán công chứng,24,2,71.0958333333,8.33333333333,0,71.0958333333,71.0958333333,2,70.2666666667,71.925,True
Kỹ sư vật liệu,84,7,71.1333333333,10.7142857143,0,71.1333333333,71.1333333333,7,69.6496428571,72.532202381,True
Nhà khoa học thính học,120,10,71.1983333333,8.33333333333,0,71.1983333333,71.1983333333,10,69.7607708333,72.6851041667,False
Nhà giao dịch tài chính,48,4,71.2020833333,10.4166666667,0,71.2020833333,71.2020833333,4,69.025,72.9479166667,True
Lập trình viên đa phương tiện,60,5,71.205,5,0,71.205,71.205,5,69.9466666667,72.168625,True
Kỹ sư xây dựng dân dụng,25,3,71.344,20,0,72.3694444444,71.2041666667,2,68.4416666667,74.7,True
Kỹ sư trắc địa,24,2,71.3541666667,4.16666666667,0,71.3541666667,71.3541666667,2,70.7416666667,71.9666666667,True
Bác sĩ thú y,1,1,71.4,0,0,71.4,,,,,True
Kỹ sư phần mềm,1,1,71.4,0,0,71.4,,,,,True
Bác sĩ phẫu thuật thần kinh,24,2,71.4041666667,16.6666666667,0,71.4041666667,71.4041666667,2,70.1916666667,72.6166666667,True
Thư ký luật sư tranh tụng,36,3,71.425,16.6666666667,2.77777777778,71.425,71.425,3,69.4416666667,73.4333333333,True
Luật sư sáng chế,24,2,71.4416666667,12.5,0,71.4416666667,71.4416666667,2,71.3583333333,71.525,True
Bác sĩ bệnh viện,37,4,71.4459459459,5.40540540541,0,72.71875,71.2916666667,3,69.9388020833,75.7049479167,True
Kỹ sư kinh doanh kỹ thuật,12,1,71.4833333333,8.33333333333,0,71.4833333333,71.4833333333,1,,,True
Kỹ sư dầu khí,60,5,71.6066666667,11.6666666667,0,71.6066666667,71.6066666667,5,71.0216666667,72.23025,True
Nhà khoa học dữ liệu,12,1,71.6083333333,16.6666666667,0,71.6083333333,71.6083333333,1,,,True
Cán bộ quản lý thị trường,50,6,71.82,4,0,71.6916666667,71.8375,4,70.3423958333,73.0402777778,True
Kỹ sư sản xuất,84,7,71.8511904762,9.52380952381,0,71.8511904762,71.8511904762,7,70.0333333333,73.3432440476,True
Giảng viên đại học,36,3,71.8972222222,5.55555555556,0,71.8972222222,71.8972222222,3,71.4916666667,72.5666666667,True
Dược sĩ cộng đồng,25,3,71.92,12,0,72.9222222222,71.7833333333,2,71.775,75.2,True
Kỹ sư điện,24,2,72.3083333333,4.16666666667,0,72.3083333333,72.3083333333,2,70.1583333333,74.4583333333,True
Nhà khoa học phát triển sản phẩm,24,2,72.3375,8.33333333333,0,72.3375,72.3375,2,70.1916666667,74.4833333333,True
Quản lý trung tâm giải trí,12,1,72.3416666667,0,0,72.3416666667,72.3416666667,1,,,True
Bác sĩ đa khoa,48,4,72.5708333333,6.25,0,72.5708333333,72.5708333333,4,71.225,74.1791666667,True
Quản lý hoạt động ngoài trời,12,1,72.575,8.33333333333,0,72.575,72.575,1,,,True
Phi công hàng không,49,5,72.6142857143,6.12244897959,0,72.7766666667,72.5958333333,4,72.0933333333,73.3866666667,True
Bác sĩ tâm thần,24,2,72.675,8.33333333333,0,72.675,72.675,2,70.1083333333,75.2416666667,True
Kỹ sư mạng,24,2,72.775,8.33333333333,0,72.775,72.775,2,71.4833333333,74.0666666667,True
Luật sư sở hữu trí tuệ,24,2,72.8666666667,4.16666666667,0,72.8666666667,72.8666666667,2,71,74.7333333333,True
Bác sĩ chuyên khoa bàn chân,48,4,73.0520833333,4.16666666667,0,73.0520833333,73.0520833333,4,70.3708333333,75.1270833333,True
Nhà giao dịch cổ phiếu,12,1,73.0666666667,0,0,73.0666666667,73.0666666667,1,,,True
Kiến trúc sư,13,2,73.1230769231,7.69230769231,0,75.0375,72.775,1,72.775,77.3,True
Bác sĩ phẫu thuật,36,3,73.1277777778,8.33333333333,0,73.1277777778,73.1277777778,3,68.2166666667,75.6083333333,True
Bác sĩ đo mắt,24,2,73.2375,8.33333333333,0,73.2375,73.2375,2,72.8666666667,73.6083333333,True
Bác sĩ ung bướu,12,1,73.3083333333,8.33333333333,0,73.3083333333,73.3083333333,1,,,True
Kiến trúc sư cảnh quan,13,2,73.6230769231,0,0,75.2625,73.325,1,73.325,77.2,True
Bác sĩ giải phẫu bệnh,12,1,73.6333333333,0,0,73.6333333333,73.6333333333,1,,,True
Luật sư tư vấn (Scotland),12,1,73.65,16.6666666667,0,73.65,73.65,1,,,True
Luật sư tranh tụng,48,4,73.6604166667,6.25,0,73.6604166667,73.6604166667,4,72.7145833333,74.3875,True
Nhà khoa học nghiên cứu khoa học sự sống,12,1,73.875,0,0,73.875,73.875,1,,,True
Kỹ sư phát thanh truyền hình,12,1,74.0666666667,0,0,74.0666666667,74.0666666667,1,,,True
Chuyên viên ngân hàng đầu tư vận hành,13,2,74.3692307692,7.69230769231,0,74.1083333333,74.4166666667,1,73.8,74.4166666667,True
Kỹ sư nông nghiệp,12,1,74.55,0,0,74.55,74.55,1,,,True
Giám đốc chiến lược,36,3,74.6638888889,5.55555555556,0,74.6638888889,74.6638888889,3,73.2,76.075,True
Tổng giám đốc điều hành,36,3,75.5972222222,0,0,75.5972222222,75.5972222222,3,75.3666666667,76.0333333333,True
Luật sư tư vấn,1,1,75.6,0,0,75.6,,,,,True
Giám đốc tài chính,24,2,76.025,4.16666666667,0,76.025,76.025,2,75.6916666667,76.3583333333,True
Luật sư,14,3,76.35,7.14285714286,0,76.1666666667,76.4,1,74.8,77,True
Giám đốc công nghệ,24,2,77.2041666667,4.16666666667,0,77.2041666667,77.2041666667,2,77.1666666667,77.2416666667,True
Giám đốc vận hành,36,3,77.4444444444,2.77777777778,0,77.4444444444,77.4444444444,3,73.675,80.825,True
Giám đốc tiếp thị,25,3,77.724,0,0,77.35,77.775,2,76.5,78.3333333333,True
