,Pearson,Spearman
spend_to_income_ratio,-0.898048753461,-0.947223320015
credit_utilization_ratio,-0.862250794864,-0.873967752539
spending_volatility,-0.496166996364,-0.525078548625
essential_spend_ratio,0.480580090186,0.473706838819
engagement_score,-0.298983195711,-0.316041479288
online_spend_ratio,-0.273146050679,-0.231358050079
transaction_count,-0.253050133782,-0.258343090584
active_transaction_days,-0.14510638004,-0.252672484216
opening_balance_to_income,-0.102060185977,-0.148965615671
ending_balance_to_income,0.0966377939538,0.0278791296728
category_diversity,-0.0685744327902,-0.136619726193
age,0.0385533296427,0.0499150661923
transaction_recency_days,0.0170175003448,0.0665487422333
