month,customers,mean_score,median_score,low60_n,stress40_n,spend_income_mean,engagement_mean,low60_pct,stress40_pct
1,916,71.7158296943,74.15,92,21,0.482287554585,76.5841703057,10.0436681223,2.29257641921
2,919,73.6304678999,74.9,57,5,0.451632426551,76.1735582155,6.20239390642,0.544069640914
3,920,67.2781521739,68.5,141,5,0.65447576087,77.5130434783,15.3260869565,0.54347826087
4,919,68.7032644178,69.7,107,6,0.609478890098,77.269640914,11.6430903156,0.652883569097
5,917,66.9320610687,68,142,6,0.666793347874,78.1950926936,15.4852780807,0.654307524537
6,911,63.2957189901,64.1,286,7,0.786671020856,78.596377607,31.3940724479,0.768386388584
7,913,63.7910186199,64.7,275,6,0.7732033954,78.3648411829,30.1204819277,0.65717415115
8,911,63.2978046103,64,287,5,0.789030296378,78.741053787,31.5038419319,0.548847420417
9,919,67.7362350381,69,126,4,0.646312513602,77.6674646355,13.710554951,0.435255712731
10,917,68.1832061069,69.7,128,2,0.631340239913,77.7095965104,13.9585605234,0.218102508179
11,912,67.5296052632,68.8,139,3,0.652267214912,77.8662280702,15.2412280702,0.328947368421
12,918,54.2454248366,54.4,772,25,1.25189335512,79.1677559913,84.0958605664,2.72331154684
