check,passed,details
Unique customer-month,True,
Required analysis variables complete,True,
Source fingerprint unchanged,True,
Log decomposition exact per customer,True,
Paired transition count reconciles,True,
Adjacent transitions have no missing status,True,
Support tiers cover December exactly once,True,
Raw required fields complete,True,
Raw spend nonnegative,True,
Category essential flags consistent,True,
November category spend reconciles exactly,True,
December category spend reconciles exactly,True,
Category attribution sums to arithmetic mean customer spend growth,True,
December channel shares sum to 1 for each customer,True,
All core source checks remain passed,True,
