,health_below,engagement_at_least,customer_months,customer_month_pct,ever_customers,ever_customer_pct,dec_customers,dec_customer_pct
0,35,60,54,0.491266375546,43,4.3043043043,15,1.6339869281
1,35,70,43,0.391193595342,37,3.7037037037,15,1.6339869281
2,35,80,28,0.254730713246,25,2.5025025025,4,0.435729847495
3,40,60,93,0.846069868996,69,6.90690690691,25,2.72331154684
4,40,70,81,0.736899563319,64,6.40640640641,25,2.72331154684
5,40,80,52,0.4730713246,45,4.5045045045,8,0.871459694989
6,45,60,174,1.58296943231,126,12.6126126126,50,5.44662309368
7,45,70,153,1.39192139738,119,11.9119119119,50,5.44662309368
8,45,80,110,1.00072780204,94,9.40940940941,26,2.83224400871
